"relative_path","FullName","Length","modified_utc"
"checksums.sha256","C:\Users\ctint\Desktop\Scripts\nonsense\checksums.sha256","3290","2026-02-01T00:15:23.6108281Z"
"manifest.csv","C:\Users\ctint\Desktop\Scripts\nonsense\manifest.csv","0","2026-02-01T00:40:30.9565727Z"
"README.md","C:\Users\ctint\Desktop\Scripts\nonsense\README.md","53","2026-01-29T19:51:54.6172514Z"
"main\landmarks_idx.npy","C:\Users\ctint\Desktop\Scripts\nonsense\main\landmarks_idx.npy","1328","2026-01-10T03:12:22.6983991Z"
"main\metric_median_iqr_significant_counts.csv","C:\Users\ctint\Desktop\Scripts\nonsense\main\metric_median_iqr_significant_counts.csv","1452","2026-01-17T00:58:15.6153742Z"
"scripts\generate_artifacts.py","C:\Users\ctint\Desktop\Scripts\nonsense\scripts\generate_artifacts.py","5912","2026-01-30T23:42:17.9378882Z"
"supplement_S1\comparison_table.csv","C:\Users\ctint\Desktop\Scripts\nonsense\supplement_S1\comparison_table.csv","386","2026-01-30T03:54:25.2628940Z"
"supplement_S1\diagnostics_per_exemplar.csv","C:\Users\ctint\Desktop\Scripts\nonsense\supplement_S1\diagnostics_per_exemplar.csv","775","2026-01-30T03:54:25.2472724Z"
"supplement_S1\onepanel_figure.png","C:\Users\ctint\Desktop\Scripts\nonsense\supplement_S1\onepanel_figure.png","85143","2026-01-30T04:01:41.7662852Z"
"supplement_S1\reader_ratings_sample_all6.csv","C:\Users\ctint\Desktop\Scripts\nonsense\supplement_S1\reader_ratings_sample_all6.csv","5508","2026-01-30T03:34:05.6582869Z"
"supplement_S1\reader_ratings_summary.csv","C:\Users\ctint\Desktop\Scripts\nonsense\supplement_S1\reader_ratings_summary.csv","1163","2026-01-30T03:54:25.2628940Z"
"supplement_S2\anycover_motif_summary.csv","C:\Users\ctint\Desktop\Scripts\nonsense\supplement_S2\anycover_motif_summary.csv","115","2026-01-25T21:18:56.1296147Z"
"supplement_S2\motif_stability_per_permutation.csv","C:\Users\ctint\Desktop\Scripts\nonsense\supplement_S2\motif_stability_per_permutation.csv","67138","2026-01-25T21:09:23.8265408Z"
"supplement_S2\motif_stability_summary.csv","C:\Users\ctint\Desktop\Scripts\nonsense\supplement_S2\motif_stability_summary.csv","182","2026-01-25T21:09:23.8265408Z"
"supplement_S2\multi_label_per_permutation.csv","C:\Users\ctint\Desktop\Scripts\nonsense\supplement_S2\multi_label_per_permutation.csv","49403","2026-01-26T01:58:36.1165605Z"
"supplement_S2\order_invariant_multilabel_flags.csv","C:\Users\ctint\Desktop\Scripts\nonsense\supplement_S2\order_invariant_multilabel_flags.csv","552","2026-01-30T23:43:58.1327765Z"
"supplement_S2\overlapping_cases.csv","C:\Users\ctint\Desktop\Scripts\nonsense\supplement_S2\overlapping_cases.csv","49454","2026-01-26T01:58:36.1634244Z"
"supplement_S2\stability_bootstrap_samples.csv","C:\Users\ctint\Desktop\Scripts\nonsense\supplement_S2\stability_bootstrap_samples.csv","4808","2026-01-30T23:43:58.1952525Z"
"supplement_S2\adjudication\adjudication_candidates.csv","C:\Users\ctint\Desktop\Scripts\nonsense\supplement_S2\adjudication\adjudication_candidates.csv","198","2026-01-30T23:43:58.8981823Z"
"supplement_S2\adjudication\adjudication_instructions.md","C:\Users\ctint\Desktop\Scripts\nonsense\supplement_S2\adjudication\adjudication_instructions.md","339","2026-01-30T23:43:58.8981823Z"
"supplement_S2\plots\cluster_members_run_000.csv","C:\Users\ctint\Desktop\Scripts\nonsense\supplement_S2\plots\cluster_members_run_000.csv","62808","2026-02-01T00:14:11.0899913Z"
"supplement_S2\plots\cluster_members_run_001.csv","C:\Users\ctint\Desktop\Scripts\nonsense\supplement_S2\plots\cluster_members_run_001.csv","62808","2026-02-01T00:14:11.0959752Z"
"supplement_S2\plots\cluster_members_run_002.csv","C:\Users\ctint\Desktop\Scripts\nonsense\supplement_S2\plots\cluster_members_run_002.csv","62808","2026-02-01T00:36:24.8866058Z"
"supplement_S2\plots\cluster_members_run_003.csv","C:\Users\ctint\Desktop\Scripts\nonsense\supplement_S2\plots\cluster_members_run_003.csv","62808","2026-02-01T00:36:24.9022624Z"
"supplement_S2\plots\cluster_members_run_004.csv","C:\Users\ctint\Desktop\Scripts\nonsense\supplement_S2\plots\cluster_members_run_004.csv","62808","2026-02-01T00:36:24.9022624Z"
"supplement_S2\plots\cluster_members_run_005.csv","C:\Users\ctint\Desktop\Scripts\nonsense\supplement_S2\plots\cluster_members_run_005.csv","62808","2026-02-01T00:36:24.9178819Z"
"supplement_S2\plots\cluster_members_run_006.csv","C:\Users\ctint\Desktop\Scripts\nonsense\supplement_S2\plots\cluster_members_run_006.csv","62808","2026-02-01T00:36:24.9178819Z"
"supplement_S2\plots\cluster_members_run_007.csv","C:\Users\ctint\Desktop\Scripts\nonsense\supplement_S2\plots\cluster_members_run_007.csv","62808","2026-02-01T00:36:24.9334687Z"
"supplement_S2\plots\cluster_members_run_008.csv","C:\Users\ctint\Desktop\Scripts\nonsense\supplement_S2\plots\cluster_members_run_008.csv","62808","2026-02-01T00:36:24.9334687Z"
"supplement_S2\plots\cluster_members_run_009.csv","C:\Users\ctint\Desktop\Scripts\nonsense\supplement_S2\plots\cluster_members_run_009.csv","62808","2026-02-01T00:36:24.9491250Z"
"supplement_S2\plots\cluster_members_run_010.csv","C:\Users\ctint\Desktop\Scripts\nonsense\supplement_S2\plots\cluster_members_run_010.csv","62808","2026-02-01T00:36:24.9491250Z"
"supplement_S2\plots\cluster_members_run_011.csv","C:\Users\ctint\Desktop\Scripts\nonsense\supplement_S2\plots\cluster_members_run_011.csv","62808","2026-02-01T00:36:24.9491250Z"
"supplement_S2\plots\cluster_members_run_012.csv","C:\Users\ctint\Desktop\Scripts\nonsense\supplement_S2\plots\cluster_members_run_012.csv","62808","2026-02-01T00:36:24.9647130Z"
"supplement_S2\plots\cluster_members_run_013.csv","C:\Users\ctint\Desktop\Scripts\nonsense\supplement_S2\plots\cluster_members_run_013.csv","62808","2026-02-01T00:36:24.9647130Z"
"supplement_S2\plots\cluster_members_run_014.csv","C:\Users\ctint\Desktop\Scripts\nonsense\supplement_S2\plots\cluster_members_run_014.csv","62808","2026-02-01T00:36:24.9803355Z"
"supplement_S2\plots\cluster_members_run_015.csv","C:\Users\ctint\Desktop\Scripts\nonsense\supplement_S2\plots\cluster_members_run_015.csv","62808","2026-02-01T00:36:24.9803355Z"
"supplement_S2\plots\cluster_members_run_016.csv","C:\Users\ctint\Desktop\Scripts\nonsense\supplement_S2\plots\cluster_members_run_016.csv","62808","2026-02-01T00:36:24.9959543Z"
"supplement_S2\plots\cluster_members_run_017.csv","C:\Users\ctint\Desktop\Scripts\nonsense\supplement_S2\plots\cluster_members_run_017.csv","62808","2026-02-01T00:36:24.9959543Z"
"supplement_S2\plots\cluster_members_run_018.csv","C:\Users\ctint\Desktop\Scripts\nonsense\supplement_S2\plots\cluster_members_run_018.csv","62808","2026-02-01T00:36:25.0116106Z"
"supplement_S2\plots\cluster_members_run_019.csv","C:\Users\ctint\Desktop\Scripts\nonsense\supplement_S2\plots\cluster_members_run_019.csv","62808","2026-02-01T00:36:25.0116106Z"
"supplement_S2\plots\cluster_members_run_020.csv","C:\Users\ctint\Desktop\Scripts\nonsense\supplement_S2\plots\cluster_members_run_020.csv","62808","2026-02-01T00:36:25.0272475Z"
"supplement_S2\plots\cluster_members_run_021.csv","C:\Users\ctint\Desktop\Scripts\nonsense\supplement_S2\plots\cluster_members_run_021.csv","62808","2026-02-01T00:36:25.0272475Z"
"supplement_S2\plots\cluster_members_run_022.csv","C:\Users\ctint\Desktop\Scripts\nonsense\supplement_S2\plots\cluster_members_run_022.csv","62808","2026-02-01T00:36:25.0272475Z"
"supplement_S2\plots\cluster_members_run_023.csv","C:\Users\ctint\Desktop\Scripts\nonsense\supplement_S2\plots\cluster_members_run_023.csv","62808","2026-02-01T00:36:25.0428176Z"
"supplement_S2\plots\cluster_members_run_024.csv","C:\Users\ctint\Desktop\Scripts\nonsense\supplement_S2\plots\cluster_members_run_024.csv","62808","2026-02-01T00:36:25.0428176Z"
"supplement_S2\plots\cluster_members_run_025.csv","C:\Users\ctint\Desktop\Scripts\nonsense\supplement_S2\plots\cluster_members_run_025.csv","62808","2026-02-01T00:36:25.0584395Z"
"supplement_S2\plots\cluster_members_run_026.csv","C:\Users\ctint\Desktop\Scripts\nonsense\supplement_S2\plots\cluster_members_run_026.csv","62808","2026-02-01T00:36:25.0584395Z"
"supplement_S2\plots\cluster_members_run_027.csv","C:\Users\ctint\Desktop\Scripts\nonsense\supplement_S2\plots\cluster_members_run_027.csv","62808","2026-02-01T00:36:25.0740963Z"
"supplement_S2\plots\cluster_members_run_028.csv","C:\Users\ctint\Desktop\Scripts\nonsense\supplement_S2\plots\cluster_members_run_028.csv","62808","2026-02-01T00:36:25.0740963Z"
"supplement_S2\plots\cluster_members_run_029.csv","C:\Users\ctint\Desktop\Scripts\nonsense\supplement_S2\plots\cluster_members_run_029.csv","62808","2026-02-01T00:36:25.0896840Z"
"supplement_S2\plots\cluster_members_run_030.csv","C:\Users\ctint\Desktop\Scripts\nonsense\supplement_S2\plots\cluster_members_run_030.csv","62808","2026-02-01T00:36:25.0896840Z"
"supplement_S2\plots\cluster_members_run_031.csv","C:\Users\ctint\Desktop\Scripts\nonsense\supplement_S2\plots\cluster_members_run_031.csv","62808","2026-02-01T00:36:25.1053059Z"
"supplement_S2\plots\cluster_members_run_032.csv","C:\Users\ctint\Desktop\Scripts\nonsense\supplement_S2\plots\cluster_members_run_032.csv","62808","2026-02-01T00:36:25.1053059Z"
"supplement_S2\plots\cluster_members_run_033.csv","C:\Users\ctint\Desktop\Scripts\nonsense\supplement_S2\plots\cluster_members_run_033.csv","62808","2026-02-01T00:36:25.1053059Z"
"supplement_S2\plots\cluster_members_run_034.csv","C:\Users\ctint\Desktop\Scripts\nonsense\supplement_S2\plots\cluster_members_run_034.csv","62808","2026-02-01T00:36:25.1209591Z"
"supplement_S2\plots\cluster_members_run_035.csv","C:\Users\ctint\Desktop\Scripts\nonsense\supplement_S2\plots\cluster_members_run_035.csv","62808","2026-02-01T00:36:25.1209591Z"
"supplement_S2\plots\cluster_members_run_036.csv","C:\Users\ctint\Desktop\Scripts\nonsense\supplement_S2\plots\cluster_members_run_036.csv","62808","2026-02-01T00:36:25.1365459Z"
"supplement_S2\plots\cluster_members_run_037.csv","C:\Users\ctint\Desktop\Scripts\nonsense\supplement_S2\plots\cluster_members_run_037.csv","62808","2026-02-01T00:36:25.1365459Z"
"supplement_S2\plots\cluster_members_run_038.csv","C:\Users\ctint\Desktop\Scripts\nonsense\supplement_S2\plots\cluster_members_run_038.csv","62808","2026-02-01T00:36:25.1522059Z"
"supplement_S2\plots\cluster_members_run_039.csv","C:\Users\ctint\Desktop\Scripts\nonsense\supplement_S2\plots\cluster_members_run_039.csv","62808","2026-02-01T00:36:25.1522059Z"
"supplement_S2\plots\cluster_members_run_040.csv","C:\Users\ctint\Desktop\Scripts\nonsense\supplement_S2\plots\cluster_members_run_040.csv","62808","2026-02-01T00:36:25.1678246Z"
"supplement_S2\plots\cluster_members_run_041.csv","C:\Users\ctint\Desktop\Scripts\nonsense\supplement_S2\plots\cluster_members_run_041.csv","62808","2026-02-01T00:36:25.1678246Z"
"supplement_S2\plots\cluster_members_run_042.csv","C:\Users\ctint\Desktop\Scripts\nonsense\supplement_S2\plots\cluster_members_run_042.csv","62808","2026-02-01T00:36:25.1678246Z"
"supplement_S2\plots\cluster_members_run_043.csv","C:\Users\ctint\Desktop\Scripts\nonsense\supplement_S2\plots\cluster_members_run_043.csv","62808","2026-02-01T00:36:25.1834123Z"
"supplement_S2\plots\cluster_members_run_044.csv","C:\Users\ctint\Desktop\Scripts\nonsense\supplement_S2\plots\cluster_members_run_044.csv","62808","2026-02-01T00:36:25.1834123Z"
"supplement_S2\plots\cluster_members_run_045.csv","C:\Users\ctint\Desktop\Scripts\nonsense\supplement_S2\plots\cluster_members_run_045.csv","62808","2026-02-01T00:36:25.1990662Z"
"supplement_S2\plots\cluster_members_run_046.csv","C:\Users\ctint\Desktop\Scripts\nonsense\supplement_S2\plots\cluster_members_run_046.csv","62808","2026-02-01T00:36:25.1990662Z"
"supplement_S2\plots\cluster_members_run_047.csv","C:\Users\ctint\Desktop\Scripts\nonsense\supplement_S2\plots\cluster_members_run_047.csv","62808","2026-02-01T00:36:25.2146885Z"
"supplement_S2\plots\cluster_members_run_048.csv","C:\Users\ctint\Desktop\Scripts\nonsense\supplement_S2\plots\cluster_members_run_048.csv","62808","2026-02-01T00:36:25.2146885Z"
"supplement_S2\plots\cluster_members_run_049.csv","C:\Users\ctint\Desktop\Scripts\nonsense\supplement_S2\plots\cluster_members_run_049.csv","62808","2026-02-01T00:36:25.2146885Z"
"supplement_S2\plots\cluster_members_run_050.csv","C:\Users\ctint\Desktop\Scripts\nonsense\supplement_S2\plots\cluster_members_run_050.csv","62808","2026-02-01T00:36:25.2302755Z"
"supplement_S2\plots\cluster_members_run_051.csv","C:\Users\ctint\Desktop\Scripts\nonsense\supplement_S2\plots\cluster_members_run_051.csv","62808","2026-02-01T00:36:25.2302755Z"
"supplement_S2\plots\cluster_members_run_052.csv","C:\Users\ctint\Desktop\Scripts\nonsense\supplement_S2\plots\cluster_members_run_052.csv","62808","2026-02-01T00:36:25.2459300Z"
"supplement_S2\plots\cluster_members_run_053.csv","C:\Users\ctint\Desktop\Scripts\nonsense\supplement_S2\plots\cluster_members_run_053.csv","62808","2026-02-01T00:36:25.2459300Z"
"supplement_S2\plots\cluster_members_run_054.csv","C:\Users\ctint\Desktop\Scripts\nonsense\supplement_S2\plots\cluster_members_run_054.csv","62808","2026-02-01T00:36:25.2615170Z"
"supplement_S2\plots\cluster_members_run_055.csv","C:\Users\ctint\Desktop\Scripts\nonsense\supplement_S2\plots\cluster_members_run_055.csv","62808","2026-02-01T00:36:25.2615170Z"
"supplement_S2\plots\cluster_members_run_056.csv","C:\Users\ctint\Desktop\Scripts\nonsense\supplement_S2\plots\cluster_members_run_056.csv","62808","2026-02-01T00:36:25.2771749Z"
"supplement_S2\plots\cluster_members_run_057.csv","C:\Users\ctint\Desktop\Scripts\nonsense\supplement_S2\plots\cluster_members_run_057.csv","62808","2026-02-01T00:36:25.2771749Z"
"supplement_S2\plots\cluster_members_run_058.csv","C:\Users\ctint\Desktop\Scripts\nonsense\supplement_S2\plots\cluster_members_run_058.csv","62808","2026-02-01T00:36:25.2771749Z"
"supplement_S2\plots\cluster_members_run_059.csv","C:\Users\ctint\Desktop\Scripts\nonsense\supplement_S2\plots\cluster_members_run_059.csv","62808","2026-02-01T00:36:25.2927612Z"
"supplement_S2\plots\cluster_members_run_060.csv","C:\Users\ctint\Desktop\Scripts\nonsense\supplement_S2\plots\cluster_members_run_060.csv","62808","2026-02-01T00:36:25.2927612Z"
"supplement_S2\plots\cluster_members_run_061.csv","C:\Users\ctint\Desktop\Scripts\nonsense\supplement_S2\plots\cluster_members_run_061.csv","62808","2026-02-01T00:36:25.3083836Z"
"supplement_S2\plots\cluster_members_run_062.csv","C:\Users\ctint\Desktop\Scripts\nonsense\supplement_S2\plots\cluster_members_run_062.csv","62808","2026-02-01T00:36:25.3083836Z"
"supplement_S2\plots\cluster_members_run_063.csv","C:\Users\ctint\Desktop\Scripts\nonsense\supplement_S2\plots\cluster_members_run_063.csv","62808","2026-02-01T00:36:25.3240039Z"
"supplement_S2\plots\cluster_members_run_064.csv","C:\Users\ctint\Desktop\Scripts\nonsense\supplement_S2\plots\cluster_members_run_064.csv","62808","2026-02-01T00:36:25.3240039Z"
"supplement_S2\plots\cluster_members_run_065.csv","C:\Users\ctint\Desktop\Scripts\nonsense\supplement_S2\plots\cluster_members_run_065.csv","62808","2026-02-01T00:36:25.3396238Z"
"supplement_S2\plots\cluster_members_run_066.csv","C:\Users\ctint\Desktop\Scripts\nonsense\supplement_S2\plots\cluster_members_run_066.csv","62808","2026-02-01T00:36:25.3396238Z"
"supplement_S2\plots\cluster_members_run_067.csv","C:\Users\ctint\Desktop\Scripts\nonsense\supplement_S2\plots\cluster_members_run_067.csv","62808","2026-02-01T00:36:25.3552838Z"
"supplement_S2\plots\cluster_members_run_068.csv","C:\Users\ctint\Desktop\Scripts\nonsense\supplement_S2\plots\cluster_members_run_068.csv","62808","2026-02-01T00:36:25.3552838Z"
"supplement_S2\plots\cluster_members_run_069.csv","C:\Users\ctint\Desktop\Scripts\nonsense\supplement_S2\plots\cluster_members_run_069.csv","62808","2026-02-01T00:36:25.3709004Z"
"supplement_S2\plots\cluster_members_run_070.csv","C:\Users\ctint\Desktop\Scripts\nonsense\supplement_S2\plots\cluster_members_run_070.csv","62808","2026-02-01T00:36:25.3709004Z"
"supplement_S2\plots\cluster_members_run_071.csv","C:\Users\ctint\Desktop\Scripts\nonsense\supplement_S2\plots\cluster_members_run_071.csv","62808","2026-02-01T00:36:25.3709004Z"
"supplement_S2\plots\cluster_members_run_072.csv","C:\Users\ctint\Desktop\Scripts\nonsense\supplement_S2\plots\cluster_members_run_072.csv","62808","2026-02-01T00:36:25.3865294Z"
"supplement_S2\plots\cluster_members_run_073.csv","C:\Users\ctint\Desktop\Scripts\nonsense\supplement_S2\plots\cluster_members_run_073.csv","62808","2026-02-01T00:36:25.4021079Z"
"supplement_S2\plots\cluster_members_run_074.csv","C:\Users\ctint\Desktop\Scripts\nonsense\supplement_S2\plots\cluster_members_run_074.csv","62808","2026-02-01T00:36:25.4021079Z"
"supplement_S2\plots\cluster_members_run_075.csv","C:\Users\ctint\Desktop\Scripts\nonsense\supplement_S2\plots\cluster_members_run_075.csv","62808","2026-02-01T00:36:25.4177290Z"
"supplement_S2\plots\cluster_members_run_076.csv","C:\Users\ctint\Desktop\Scripts\nonsense\supplement_S2\plots\cluster_members_run_076.csv","62808","2026-02-01T00:36:25.4177290Z"
"supplement_S2\plots\cluster_members_run_077.csv","C:\Users\ctint\Desktop\Scripts\nonsense\supplement_S2\plots\cluster_members_run_077.csv","62808","2026-02-01T00:36:25.4177290Z"
"supplement_S2\plots\cluster_members_run_078.csv","C:\Users\ctint\Desktop\Scripts\nonsense\supplement_S2\plots\cluster_members_run_078.csv","62808","2026-02-01T00:36:25.4333503Z"
"supplement_S2\plots\cluster_members_run_079.csv","C:\Users\ctint\Desktop\Scripts\nonsense\supplement_S2\plots\cluster_members_run_079.csv","62808","2026-02-01T00:36:25.4333503Z"
"supplement_S2\plots\cluster_members_run_080.csv","C:\Users\ctint\Desktop\Scripts\nonsense\supplement_S2\plots\cluster_members_run_080.csv","62808","2026-02-01T00:36:25.4333503Z"
"supplement_S2\plots\cluster_members_run_081.csv","C:\Users\ctint\Desktop\Scripts\nonsense\supplement_S2\plots\cluster_members_run_081.csv","62808","2026-02-01T00:36:25.4489719Z"
"supplement_S2\plots\cluster_members_run_082.csv","C:\Users\ctint\Desktop\Scripts\nonsense\supplement_S2\plots\cluster_members_run_082.csv","62808","2026-02-01T00:36:25.4489719Z"
"supplement_S2\plots\cluster_members_run_083.csv","C:\Users\ctint\Desktop\Scripts\nonsense\supplement_S2\plots\cluster_members_run_083.csv","62808","2026-02-01T00:36:25.4645938Z"
"supplement_S2\plots\cluster_members_run_084.csv","C:\Users\ctint\Desktop\Scripts\nonsense\supplement_S2\plots\cluster_members_run_084.csv","62808","2026-02-01T00:36:25.4645938Z"
"supplement_S2\plots\cluster_members_run_085.csv","C:\Users\ctint\Desktop\Scripts\nonsense\supplement_S2\plots\cluster_members_run_085.csv","62808","2026-02-01T00:36:25.4802167Z"
"supplement_S2\plots\cluster_members_run_086.csv","C:\Users\ctint\Desktop\Scripts\nonsense\supplement_S2\plots\cluster_members_run_086.csv","62808","2026-02-01T00:36:25.4802167Z"
"supplement_S2\plots\cluster_members_run_087.csv","C:\Users\ctint\Desktop\Scripts\nonsense\supplement_S2\plots\cluster_members_run_087.csv","62808","2026-02-01T00:36:25.4958358Z"
"supplement_S2\plots\cluster_members_run_088.csv","C:\Users\ctint\Desktop\Scripts\nonsense\supplement_S2\plots\cluster_members_run_088.csv","62808","2026-02-01T00:36:25.4958358Z"
"supplement_S2\plots\cluster_members_run_089.csv","C:\Users\ctint\Desktop\Scripts\nonsense\supplement_S2\plots\cluster_members_run_089.csv","62808","2026-02-01T00:36:25.5114571Z"
"supplement_S2\plots\cluster_members_run_090.csv","C:\Users\ctint\Desktop\Scripts\nonsense\supplement_S2\plots\cluster_members_run_090.csv","62808","2026-02-01T00:36:25.5114571Z"
"supplement_S2\plots\cluster_members_run_091.csv","C:\Users\ctint\Desktop\Scripts\nonsense\supplement_S2\plots\cluster_members_run_091.csv","62808","2026-02-01T00:36:25.5270791Z"
"supplement_S2\plots\cluster_members_run_092.csv","C:\Users\ctint\Desktop\Scripts\nonsense\supplement_S2\plots\cluster_members_run_092.csv","62808","2026-02-01T00:36:25.5426998Z"
"supplement_S2\plots\cluster_members_run_093.csv","C:\Users\ctint\Desktop\Scripts\nonsense\supplement_S2\plots\cluster_members_run_093.csv","62808","2026-02-01T00:36:25.5426998Z"
"supplement_S2\plots\cluster_members_run_094.csv","C:\Users\ctint\Desktop\Scripts\nonsense\supplement_S2\plots\cluster_members_run_094.csv","62808","2026-02-01T00:36:25.5583216Z"
"supplement_S2\plots\cluster_members_run_095.csv","C:\Users\ctint\Desktop\Scripts\nonsense\supplement_S2\plots\cluster_members_run_095.csv","62808","2026-02-01T00:36:25.5583216Z"
"supplement_S2\plots\cluster_members_run_096.csv","C:\Users\ctint\Desktop\Scripts\nonsense\supplement_S2\plots\cluster_members_run_096.csv","62808","2026-02-01T00:36:25.5739433Z"
"supplement_S2\plots\cluster_members_run_097.csv","C:\Users\ctint\Desktop\Scripts\nonsense\supplement_S2\plots\cluster_members_run_097.csv","62808","2026-02-01T00:36:25.5739433Z"
"supplement_S2\plots\cluster_members_run_098.csv","C:\Users\ctint\Desktop\Scripts\nonsense\supplement_S2\plots\cluster_members_run_098.csv","62808","2026-02-01T00:36:25.5895648Z"
"supplement_S2\plots\cluster_members_run_099.csv","C:\Users\ctint\Desktop\Scripts\nonsense\supplement_S2\plots\cluster_members_run_099.csv","62808","2026-02-01T00:36:25.5895648Z"
"supplement_S2\plots\cluster_members_run_100.csv","C:\Users\ctint\Desktop\Scripts\nonsense\supplement_S2\plots\cluster_members_run_100.csv","62808","2026-02-01T00:36:25.6051869Z"
"supplement_S2\plots\cluster_members_run_101.csv","C:\Users\ctint\Desktop\Scripts\nonsense\supplement_S2\plots\cluster_members_run_101.csv","62808","2026-02-01T00:36:25.6051869Z"
"supplement_S2\plots\cluster_members_run_102.csv","C:\Users\ctint\Desktop\Scripts\nonsense\supplement_S2\plots\cluster_members_run_102.csv","62808","2026-02-01T00:36:25.6208073Z"
"supplement_S2\plots\cluster_members_run_103.csv","C:\Users\ctint\Desktop\Scripts\nonsense\supplement_S2\plots\cluster_members_run_103.csv","62808","2026-02-01T00:36:25.6208073Z"
"supplement_S2\plots\cluster_members_run_104.csv","C:\Users\ctint\Desktop\Scripts\nonsense\supplement_S2\plots\cluster_members_run_104.csv","62808","2026-02-01T00:36:25.6364284Z"
"supplement_S2\plots\cluster_members_run_105.csv","C:\Users\ctint\Desktop\Scripts\nonsense\supplement_S2\plots\cluster_members_run_105.csv","62808","2026-02-01T00:36:25.6364284Z"
"supplement_S2\plots\cluster_members_run_106.csv","C:\Users\ctint\Desktop\Scripts\nonsense\supplement_S2\plots\cluster_members_run_106.csv","62808","2026-02-01T00:36:25.6364284Z"
"supplement_S2\plots\cluster_members_run_107.csv","C:\Users\ctint\Desktop\Scripts\nonsense\supplement_S2\plots\cluster_members_run_107.csv","62808","2026-02-01T00:36:25.6520495Z"
"supplement_S2\plots\cluster_members_run_108.csv","C:\Users\ctint\Desktop\Scripts\nonsense\supplement_S2\plots\cluster_members_run_108.csv","62808","2026-02-01T00:36:25.6676707Z"
"supplement_S2\plots\cluster_members_run_109.csv","C:\Users\ctint\Desktop\Scripts\nonsense\supplement_S2\plots\cluster_members_run_109.csv","62808","2026-02-01T00:36:25.6676707Z"
"supplement_S2\plots\cluster_members_run_110.csv","C:\Users\ctint\Desktop\Scripts\nonsense\supplement_S2\plots\cluster_members_run_110.csv","62808","2026-02-01T00:36:25.6676707Z"
"supplement_S2\plots\cluster_members_run_111.csv","C:\Users\ctint\Desktop\Scripts\nonsense\supplement_S2\plots\cluster_members_run_111.csv","62808","2026-02-01T00:36:25.6833332Z"
"supplement_S2\plots\cluster_members_run_112.csv","C:\Users\ctint\Desktop\Scripts\nonsense\supplement_S2\plots\cluster_members_run_112.csv","62808","2026-02-01T00:36:25.6833332Z"
"supplement_S2\plots\cluster_members_run_113.csv","C:\Users\ctint\Desktop\Scripts\nonsense\supplement_S2\plots\cluster_members_run_113.csv","62808","2026-02-01T00:36:25.6989469Z"
"supplement_S2\plots\cluster_members_run_114.csv","C:\Users\ctint\Desktop\Scripts\nonsense\supplement_S2\plots\cluster_members_run_114.csv","62808","2026-02-01T00:36:25.6989469Z"
"supplement_S2\plots\cluster_members_run_115.csv","C:\Users\ctint\Desktop\Scripts\nonsense\supplement_S2\plots\cluster_members_run_115.csv","62808","2026-02-01T00:36:25.7145674Z"
"supplement_S2\plots\cluster_members_run_116.csv","C:\Users\ctint\Desktop\Scripts\nonsense\supplement_S2\plots\cluster_members_run_116.csv","62808","2026-02-01T00:36:25.7145674Z"
"supplement_S2\plots\cluster_members_run_117.csv","C:\Users\ctint\Desktop\Scripts\nonsense\supplement_S2\plots\cluster_members_run_117.csv","62808","2026-02-01T00:36:25.7145674Z"
"supplement_S2\plots\cluster_members_run_118.csv","C:\Users\ctint\Desktop\Scripts\nonsense\supplement_S2\plots\cluster_members_run_118.csv","62808","2026-02-01T00:36:25.7301918Z"
"supplement_S2\plots\cluster_members_run_119.csv","C:\Users\ctint\Desktop\Scripts\nonsense\supplement_S2\plots\cluster_members_run_119.csv","62808","2026-02-01T00:36:25.7301918Z"
"supplement_S2\plots\cluster_members_run_120.csv","C:\Users\ctint\Desktop\Scripts\nonsense\supplement_S2\plots\cluster_members_run_120.csv","62808","2026-02-01T00:36:25.7458172Z"
"supplement_S2\plots\cluster_members_run_121.csv","C:\Users\ctint\Desktop\Scripts\nonsense\supplement_S2\plots\cluster_members_run_121.csv","62808","2026-02-01T00:36:25.7458172Z"
"supplement_S2\plots\cluster_members_run_122.csv","C:\Users\ctint\Desktop\Scripts\nonsense\supplement_S2\plots\cluster_members_run_122.csv","62808","2026-02-01T00:36:25.7614382Z"
"supplement_S2\plots\cluster_members_run_123.csv","C:\Users\ctint\Desktop\Scripts\nonsense\supplement_S2\plots\cluster_members_run_123.csv","62808","2026-02-01T00:36:25.7614382Z"
"supplement_S2\plots\cluster_members_run_124.csv","C:\Users\ctint\Desktop\Scripts\nonsense\supplement_S2\plots\cluster_members_run_124.csv","62808","2026-02-01T00:36:25.7614382Z"
"supplement_S2\plots\cluster_members_run_125.csv","C:\Users\ctint\Desktop\Scripts\nonsense\supplement_S2\plots\cluster_members_run_125.csv","62808","2026-02-01T00:36:25.7770211Z"
"supplement_S2\plots\cluster_members_run_126.csv","C:\Users\ctint\Desktop\Scripts\nonsense\supplement_S2\plots\cluster_members_run_126.csv","62808","2026-02-01T00:36:25.7770211Z"
"supplement_S2\plots\cluster_members_run_127.csv","C:\Users\ctint\Desktop\Scripts\nonsense\supplement_S2\plots\cluster_members_run_127.csv","62808","2026-02-01T00:36:25.7770211Z"
"supplement_S2\plots\cluster_members_run_128.csv","C:\Users\ctint\Desktop\Scripts\nonsense\supplement_S2\plots\cluster_members_run_128.csv","62808","2026-02-01T00:36:25.7989734Z"
"supplement_S2\plots\cluster_members_run_129.csv","C:\Users\ctint\Desktop\Scripts\nonsense\supplement_S2\plots\cluster_members_run_129.csv","62808","2026-02-01T00:36:25.8040535Z"
"supplement_S2\plots\cluster_members_run_130.csv","C:\Users\ctint\Desktop\Scripts\nonsense\supplement_S2\plots\cluster_members_run_130.csv","62808","2026-02-01T00:36:25.8105706Z"
"supplement_S2\plots\cluster_members_run_131.csv","C:\Users\ctint\Desktop\Scripts\nonsense\supplement_S2\plots\cluster_members_run_131.csv","62808","2026-02-01T00:36:25.8175508Z"
"supplement_S2\plots\cluster_members_run_132.csv","C:\Users\ctint\Desktop\Scripts\nonsense\supplement_S2\plots\cluster_members_run_132.csv","62808","2026-02-01T00:36:25.8225431Z"
"supplement_S2\plots\cluster_members_run_133.csv","C:\Users\ctint\Desktop\Scripts\nonsense\supplement_S2\plots\cluster_members_run_133.csv","62808","2026-02-01T00:36:25.8285004Z"
"supplement_S2\plots\cluster_members_run_134.csv","C:\Users\ctint\Desktop\Scripts\nonsense\supplement_S2\plots\cluster_members_run_134.csv","62808","2026-02-01T00:36:25.8354806Z"
"supplement_S2\plots\cluster_members_run_135.csv","C:\Users\ctint\Desktop\Scripts\nonsense\supplement_S2\plots\cluster_members_run_135.csv","62808","2026-02-01T00:36:25.8414722Z"
"supplement_S2\plots\cluster_members_run_136.csv","C:\Users\ctint\Desktop\Scripts\nonsense\supplement_S2\plots\cluster_members_run_136.csv","62808","2026-02-01T00:36:25.8444463Z"
"supplement_S2\plots\cluster_members_run_137.csv","C:\Users\ctint\Desktop\Scripts\nonsense\supplement_S2\plots\cluster_members_run_137.csv","62808","2026-02-01T00:36:25.8444463Z"
"supplement_S2\plots\cluster_members_run_138.csv","C:\Users\ctint\Desktop\Scripts\nonsense\supplement_S2\plots\cluster_members_run_138.csv","62808","2026-02-01T00:36:25.8444463Z"
"supplement_S2\plots\cluster_members_run_139.csv","C:\Users\ctint\Desktop\Scripts\nonsense\supplement_S2\plots\cluster_members_run_139.csv","62808","2026-02-01T00:36:25.8600674Z"
"supplement_S2\plots\cluster_members_run_140.csv","C:\Users\ctint\Desktop\Scripts\nonsense\supplement_S2\plots\cluster_members_run_140.csv","62808","2026-02-01T00:36:25.8600674Z"
"supplement_S2\plots\cluster_members_run_141.csv","C:\Users\ctint\Desktop\Scripts\nonsense\supplement_S2\plots\cluster_members_run_141.csv","62808","2026-02-01T00:36:25.8757314Z"
"supplement_S2\plots\cluster_members_run_142.csv","C:\Users\ctint\Desktop\Scripts\nonsense\supplement_S2\plots\cluster_members_run_142.csv","62808","2026-02-01T00:36:25.8757314Z"
"supplement_S2\plots\cluster_members_run_143.csv","C:\Users\ctint\Desktop\Scripts\nonsense\supplement_S2\plots\cluster_members_run_143.csv","62808","2026-02-01T00:36:25.8913629Z"
"supplement_S2\plots\cluster_members_run_144.csv","C:\Users\ctint\Desktop\Scripts\nonsense\supplement_S2\plots\cluster_members_run_144.csv","62808","2026-02-01T00:36:25.8913629Z"
"supplement_S2\plots\cluster_members_run_145.csv","C:\Users\ctint\Desktop\Scripts\nonsense\supplement_S2\plots\cluster_members_run_145.csv","62808","2026-02-01T00:36:25.8913629Z"
"supplement_S2\plots\cluster_members_run_146.csv","C:\Users\ctint\Desktop\Scripts\nonsense\supplement_S2\plots\cluster_members_run_146.csv","62808","2026-02-01T00:36:25.9069667Z"
"supplement_S2\plots\cluster_members_run_147.csv","C:\Users\ctint\Desktop\Scripts\nonsense\supplement_S2\plots\cluster_members_run_147.csv","62808","2026-02-01T00:36:25.9069667Z"
"supplement_S2\plots\cluster_members_run_148.csv","C:\Users\ctint\Desktop\Scripts\nonsense\supplement_S2\plots\cluster_members_run_148.csv","62808","2026-02-01T00:36:25.9226294Z"
"supplement_S2\plots\cluster_members_run_149.csv","C:\Users\ctint\Desktop\Scripts\nonsense\supplement_S2\plots\cluster_members_run_149.csv","62808","2026-02-01T00:36:25.9226294Z"
"supplement_S2\plots\cluster_members_run_150.csv","C:\Users\ctint\Desktop\Scripts\nonsense\supplement_S2\plots\cluster_members_run_150.csv","62808","2026-02-01T00:36:25.9226294Z"
"supplement_S2\plots\cluster_members_run_151.csv","C:\Users\ctint\Desktop\Scripts\nonsense\supplement_S2\plots\cluster_members_run_151.csv","62808","2026-02-01T00:36:25.9382115Z"
"supplement_S2\plots\cluster_members_run_152.csv","C:\Users\ctint\Desktop\Scripts\nonsense\supplement_S2\plots\cluster_members_run_152.csv","62808","2026-02-01T00:36:25.9382115Z"
"supplement_S2\plots\cluster_members_run_153.csv","C:\Users\ctint\Desktop\Scripts\nonsense\supplement_S2\plots\cluster_members_run_153.csv","62808","2026-02-01T00:36:25.9537962Z"
"supplement_S2\plots\cluster_members_run_154.csv","C:\Users\ctint\Desktop\Scripts\nonsense\supplement_S2\plots\cluster_members_run_154.csv","62808","2026-02-01T00:36:25.9537962Z"
"supplement_S2\plots\cluster_members_run_155.csv","C:\Users\ctint\Desktop\Scripts\nonsense\supplement_S2\plots\cluster_members_run_155.csv","62808","2026-02-01T00:36:25.9537962Z"
"supplement_S2\plots\cluster_members_run_156.csv","C:\Users\ctint\Desktop\Scripts\nonsense\supplement_S2\plots\cluster_members_run_156.csv","62808","2026-02-01T00:36:25.9694500Z"
"supplement_S2\plots\cluster_members_run_157.csv","C:\Users\ctint\Desktop\Scripts\nonsense\supplement_S2\plots\cluster_members_run_157.csv","62808","2026-02-01T00:36:25.9850390Z"
"supplement_S2\plots\cluster_members_run_158.csv","C:\Users\ctint\Desktop\Scripts\nonsense\supplement_S2\plots\cluster_members_run_158.csv","62808","2026-02-01T00:36:25.9850390Z"
"supplement_S2\plots\cluster_members_run_159.csv","C:\Users\ctint\Desktop\Scripts\nonsense\supplement_S2\plots\cluster_members_run_159.csv","62808","2026-02-01T00:36:26.0006602Z"
"supplement_S2\plots\cluster_members_run_160.csv","C:\Users\ctint\Desktop\Scripts\nonsense\supplement_S2\plots\cluster_members_run_160.csv","62808","2026-02-01T00:36:26.0006602Z"
"supplement_S2\plots\cluster_members_run_161.csv","C:\Users\ctint\Desktop\Scripts\nonsense\supplement_S2\plots\cluster_members_run_161.csv","62808","2026-02-01T00:36:26.0162817Z"
"supplement_S2\plots\cluster_members_run_162.csv","C:\Users\ctint\Desktop\Scripts\nonsense\supplement_S2\plots\cluster_members_run_162.csv","62808","2026-02-01T00:36:26.0162817Z"
"supplement_S2\plots\cluster_members_run_163.csv","C:\Users\ctint\Desktop\Scripts\nonsense\supplement_S2\plots\cluster_members_run_163.csv","62808","2026-02-01T00:36:26.0319035Z"
"supplement_S2\plots\cluster_members_run_164.csv","C:\Users\ctint\Desktop\Scripts\nonsense\supplement_S2\plots\cluster_members_run_164.csv","62808","2026-02-01T00:36:26.0319035Z"
"supplement_S2\plots\cluster_members_run_165.csv","C:\Users\ctint\Desktop\Scripts\nonsense\supplement_S2\plots\cluster_members_run_165.csv","62808","2026-02-01T00:36:26.0475256Z"
"supplement_S2\plots\cluster_members_run_166.csv","C:\Users\ctint\Desktop\Scripts\nonsense\supplement_S2\plots\cluster_members_run_166.csv","62808","2026-02-01T00:36:26.0475256Z"
"supplement_S2\plots\cluster_members_run_167.csv","C:\Users\ctint\Desktop\Scripts\nonsense\supplement_S2\plots\cluster_members_run_167.csv","62808","2026-02-01T00:36:26.0631449Z"
"supplement_S2\plots\cluster_members_run_168.csv","C:\Users\ctint\Desktop\Scripts\nonsense\supplement_S2\plots\cluster_members_run_168.csv","62808","2026-02-01T00:36:26.0631449Z"
"supplement_S2\plots\cluster_members_run_169.csv","C:\Users\ctint\Desktop\Scripts\nonsense\supplement_S2\plots\cluster_members_run_169.csv","62808","2026-02-01T00:36:26.0787673Z"
"supplement_S2\plots\cluster_members_run_170.csv","C:\Users\ctint\Desktop\Scripts\nonsense\supplement_S2\plots\cluster_members_run_170.csv","62808","2026-02-01T00:36:26.0943872Z"
"supplement_S2\plots\cluster_members_run_171.csv","C:\Users\ctint\Desktop\Scripts\nonsense\supplement_S2\plots\cluster_members_run_171.csv","62808","2026-02-01T00:36:26.0943872Z"
"supplement_S2\plots\cluster_members_run_172.csv","C:\Users\ctint\Desktop\Scripts\nonsense\supplement_S2\plots\cluster_members_run_172.csv","62808","2026-02-01T00:36:26.1205314Z"
"supplement_S2\plots\cluster_members_run_173.csv","C:\Users\ctint\Desktop\Scripts\nonsense\supplement_S2\plots\cluster_members_run_173.csv","62808","2026-02-01T00:36:26.1312152Z"
"supplement_S2\plots\cluster_members_run_174.csv","C:\Users\ctint\Desktop\Scripts\nonsense\supplement_S2\plots\cluster_members_run_174.csv","62808","2026-02-01T00:36:26.1387018Z"
"supplement_S2\plots\cluster_members_run_175.csv","C:\Users\ctint\Desktop\Scripts\nonsense\supplement_S2\plots\cluster_members_run_175.csv","62808","2026-02-01T00:36:26.1452234Z"
"supplement_S2\plots\cluster_members_run_176.csv","C:\Users\ctint\Desktop\Scripts\nonsense\supplement_S2\plots\cluster_members_run_176.csv","62808","2026-02-01T00:36:26.1608444Z"
"supplement_S2\plots\cluster_members_run_177.csv","C:\Users\ctint\Desktop\Scripts\nonsense\supplement_S2\plots\cluster_members_run_177.csv","62808","2026-02-01T00:36:26.1608444Z"
"supplement_S2\plots\cluster_members_run_178.csv","C:\Users\ctint\Desktop\Scripts\nonsense\supplement_S2\plots\cluster_members_run_178.csv","62808","2026-02-01T00:36:26.1764672Z"
"supplement_S2\plots\cluster_members_run_179.csv","C:\Users\ctint\Desktop\Scripts\nonsense\supplement_S2\plots\cluster_members_run_179.csv","62808","2026-02-01T00:36:26.1764672Z"
"supplement_S2\plots\cluster_members_run_180.csv","C:\Users\ctint\Desktop\Scripts\nonsense\supplement_S2\plots\cluster_members_run_180.csv","62808","2026-02-01T00:36:26.1995616Z"
"supplement_S2\plots\cluster_members_run_181.csv","C:\Users\ctint\Desktop\Scripts\nonsense\supplement_S2\plots\cluster_members_run_181.csv","62808","2026-02-01T00:36:26.2055682Z"
"supplement_S2\plots\cluster_members_run_182.csv","C:\Users\ctint\Desktop\Scripts\nonsense\supplement_S2\plots\cluster_members_run_182.csv","62808","2026-02-01T00:36:26.2055682Z"
"supplement_S2\plots\cluster_members_run_183.csv","C:\Users\ctint\Desktop\Scripts\nonsense\supplement_S2\plots\cluster_members_run_183.csv","62808","2026-02-01T00:36:26.2211901Z"
"supplement_S2\plots\cluster_members_run_184.csv","C:\Users\ctint\Desktop\Scripts\nonsense\supplement_S2\plots\cluster_members_run_184.csv","62808","2026-02-01T00:36:26.2368123Z"
"supplement_S2\plots\cluster_members_run_185.csv","C:\Users\ctint\Desktop\Scripts\nonsense\supplement_S2\plots\cluster_members_run_185.csv","62808","2026-02-01T00:36:26.2368123Z"
"supplement_S2\plots\cluster_members_run_186.csv","C:\Users\ctint\Desktop\Scripts\nonsense\supplement_S2\plots\cluster_members_run_186.csv","62808","2026-02-01T00:36:26.2524342Z"
"supplement_S2\plots\cluster_members_run_187.csv","C:\Users\ctint\Desktop\Scripts\nonsense\supplement_S2\plots\cluster_members_run_187.csv","62808","2026-02-01T00:36:26.2595471Z"
"supplement_S2\plots\cluster_members_run_188.csv","C:\Users\ctint\Desktop\Scripts\nonsense\supplement_S2\plots\cluster_members_run_188.csv","62808","2026-02-01T00:36:26.2595471Z"
"supplement_S2\plots\cluster_members_run_189.csv","C:\Users\ctint\Desktop\Scripts\nonsense\supplement_S2\plots\cluster_members_run_189.csv","62808","2026-02-01T00:36:26.2751692Z"
"supplement_S2\plots\cluster_members_run_190.csv","C:\Users\ctint\Desktop\Scripts\nonsense\supplement_S2\plots\cluster_members_run_190.csv","62808","2026-02-01T00:36:26.2907913Z"
"supplement_S2\plots\cluster_members_run_191.csv","C:\Users\ctint\Desktop\Scripts\nonsense\supplement_S2\plots\cluster_members_run_191.csv","62808","2026-02-01T00:36:26.2907913Z"
"supplement_S2\plots\cluster_members_run_192.csv","C:\Users\ctint\Desktop\Scripts\nonsense\supplement_S2\plots\cluster_members_run_192.csv","62808","2026-02-01T00:36:26.3064114Z"
"supplement_S2\plots\cluster_members_run_193.csv","C:\Users\ctint\Desktop\Scripts\nonsense\supplement_S2\plots\cluster_members_run_193.csv","62808","2026-02-01T00:36:26.3064114Z"
"supplement_S2\plots\cluster_members_run_194.csv","C:\Users\ctint\Desktop\Scripts\nonsense\supplement_S2\plots\cluster_members_run_194.csv","62808","2026-02-01T00:36:26.3220331Z"
"supplement_S2\plots\cluster_members_run_195.csv","C:\Users\ctint\Desktop\Scripts\nonsense\supplement_S2\plots\cluster_members_run_195.csv","62808","2026-02-01T00:36:26.3220331Z"
"supplement_S2\plots\cluster_members_run_196.csv","C:\Users\ctint\Desktop\Scripts\nonsense\supplement_S2\plots\cluster_members_run_196.csv","62808","2026-02-01T00:36:26.3376555Z"
"supplement_S2\plots\cluster_members_run_197.csv","C:\Users\ctint\Desktop\Scripts\nonsense\supplement_S2\plots\cluster_members_run_197.csv","62808","2026-02-01T00:36:26.3376555Z"
"supplement_S2\plots\cluster_members_run_198.csv","C:\Users\ctint\Desktop\Scripts\nonsense\supplement_S2\plots\cluster_members_run_198.csv","62808","2026-02-01T00:36:26.3532750Z"
"supplement_S2\plots\cluster_members_run_199.csv","C:\Users\ctint\Desktop\Scripts\nonsense\supplement_S2\plots\cluster_members_run_199.csv","62808","2026-02-01T00:36:26.3595506Z"
"supplement_S2\plots\cluster_members_run_200.csv","C:\Users\ctint\Desktop\Scripts\nonsense\supplement_S2\plots\cluster_members_run_200.csv","62808","2026-02-01T00:36:26.3595506Z"
"supplement_S2\plots\cluster_members_run_201.csv","C:\Users\ctint\Desktop\Scripts\nonsense\supplement_S2\plots\cluster_members_run_201.csv","62808","2026-02-01T00:36:26.3751722Z"
"supplement_S2\plots\cluster_members_run_202.csv","C:\Users\ctint\Desktop\Scripts\nonsense\supplement_S2\plots\cluster_members_run_202.csv","62808","2026-02-01T00:36:26.3751722Z"
"supplement_S2\plots\cluster_members_run_203.csv","C:\Users\ctint\Desktop\Scripts\nonsense\supplement_S2\plots\cluster_members_run_203.csv","62808","2026-02-01T00:36:26.3907932Z"
"supplement_S2\plots\cluster_members_run_204.csv","C:\Users\ctint\Desktop\Scripts\nonsense\supplement_S2\plots\cluster_members_run_204.csv","62808","2026-02-01T00:36:26.3907932Z"
"supplement_S2\plots\cluster_members_run_205.csv","C:\Users\ctint\Desktop\Scripts\nonsense\supplement_S2\plots\cluster_members_run_205.csv","62808","2026-02-01T00:36:26.3907932Z"
"supplement_S2\plots\cluster_members_run_206.csv","C:\Users\ctint\Desktop\Scripts\nonsense\supplement_S2\plots\cluster_members_run_206.csv","62808","2026-02-01T00:36:26.4064148Z"
"supplement_S2\plots\cluster_members_run_207.csv","C:\Users\ctint\Desktop\Scripts\nonsense\supplement_S2\plots\cluster_members_run_207.csv","62808","2026-02-01T00:36:26.4064148Z"
"supplement_S2\plots\cluster_members_run_208.csv","C:\Users\ctint\Desktop\Scripts\nonsense\supplement_S2\plots\cluster_members_run_208.csv","62808","2026-02-01T00:36:26.4220360Z"
"supplement_S2\plots\cluster_members_run_209.csv","C:\Users\ctint\Desktop\Scripts\nonsense\supplement_S2\plots\cluster_members_run_209.csv","62808","2026-02-01T00:36:26.4220360Z"
"supplement_S2\plots\cluster_members_run_210.csv","C:\Users\ctint\Desktop\Scripts\nonsense\supplement_S2\plots\cluster_members_run_210.csv","62808","2026-02-01T00:36:26.4376576Z"
"supplement_S2\plots\cluster_members_run_211.csv","C:\Users\ctint\Desktop\Scripts\nonsense\supplement_S2\plots\cluster_members_run_211.csv","62808","2026-02-01T00:36:26.4376576Z"
"supplement_S2\plots\cluster_members_run_212.csv","C:\Users\ctint\Desktop\Scripts\nonsense\supplement_S2\plots\cluster_members_run_212.csv","62808","2026-02-01T00:36:26.4532793Z"
"supplement_S2\plots\cluster_members_run_213.csv","C:\Users\ctint\Desktop\Scripts\nonsense\supplement_S2\plots\cluster_members_run_213.csv","62808","2026-02-01T00:36:26.4532793Z"
"supplement_S2\plots\cluster_members_run_214.csv","C:\Users\ctint\Desktop\Scripts\nonsense\supplement_S2\plots\cluster_members_run_214.csv","62808","2026-02-01T00:36:26.4532793Z"
"supplement_S2\plots\cluster_members_run_215.csv","C:\Users\ctint\Desktop\Scripts\nonsense\supplement_S2\plots\cluster_members_run_215.csv","62808","2026-02-01T00:36:26.4689016Z"
"supplement_S2\plots\cluster_members_run_216.csv","C:\Users\ctint\Desktop\Scripts\nonsense\supplement_S2\plots\cluster_members_run_216.csv","62808","2026-02-01T00:36:26.4689016Z"
"supplement_S2\plots\cluster_members_run_217.csv","C:\Users\ctint\Desktop\Scripts\nonsense\supplement_S2\plots\cluster_members_run_217.csv","62808","2026-02-01T00:36:26.4845213Z"
"supplement_S2\plots\cluster_members_run_218.csv","C:\Users\ctint\Desktop\Scripts\nonsense\supplement_S2\plots\cluster_members_run_218.csv","62808","2026-02-01T00:36:26.4845213Z"
"supplement_S2\plots\cluster_members_run_219.csv","C:\Users\ctint\Desktop\Scripts\nonsense\supplement_S2\plots\cluster_members_run_219.csv","62808","2026-02-01T00:36:26.5001430Z"
"supplement_S2\plots\cluster_members_run_220.csv","C:\Users\ctint\Desktop\Scripts\nonsense\supplement_S2\plots\cluster_members_run_220.csv","62808","2026-02-01T00:36:26.5001430Z"
"supplement_S2\plots\cluster_members_run_221.csv","C:\Users\ctint\Desktop\Scripts\nonsense\supplement_S2\plots\cluster_members_run_221.csv","62808","2026-02-01T00:36:26.5157639Z"
"supplement_S2\plots\cluster_members_run_222.csv","C:\Users\ctint\Desktop\Scripts\nonsense\supplement_S2\plots\cluster_members_run_222.csv","62808","2026-02-01T00:36:26.5157639Z"
"supplement_S2\plots\cluster_members_run_223.csv","C:\Users\ctint\Desktop\Scripts\nonsense\supplement_S2\plots\cluster_members_run_223.csv","62808","2026-02-01T00:36:26.5157639Z"
"supplement_S2\plots\cluster_members_run_224.csv","C:\Users\ctint\Desktop\Scripts\nonsense\supplement_S2\plots\cluster_members_run_224.csv","62808","2026-02-01T00:36:26.5314210Z"
"supplement_S2\plots\cluster_members_run_225.csv","C:\Users\ctint\Desktop\Scripts\nonsense\supplement_S2\plots\cluster_members_run_225.csv","62808","2026-02-01T00:36:26.5314210Z"
"supplement_S2\plots\cluster_members_run_226.csv","C:\Users\ctint\Desktop\Scripts\nonsense\supplement_S2\plots\cluster_members_run_226.csv","62808","2026-02-01T00:36:26.5470068Z"
"supplement_S2\plots\cluster_members_run_227.csv","C:\Users\ctint\Desktop\Scripts\nonsense\supplement_S2\plots\cluster_members_run_227.csv","62808","2026-02-01T00:36:26.5470068Z"
"supplement_S2\plots\cluster_members_run_228.csv","C:\Users\ctint\Desktop\Scripts\nonsense\supplement_S2\plots\cluster_members_run_228.csv","62808","2026-02-01T00:36:26.5470068Z"
"supplement_S2\plots\cluster_members_run_229.csv","C:\Users\ctint\Desktop\Scripts\nonsense\supplement_S2\plots\cluster_members_run_229.csv","62808","2026-02-01T00:36:26.5626283Z"
"supplement_S2\plots\cluster_members_run_230.csv","C:\Users\ctint\Desktop\Scripts\nonsense\supplement_S2\plots\cluster_members_run_230.csv","62808","2026-02-01T00:36:26.5626283Z"
"supplement_S2\plots\cluster_members_run_231.csv","C:\Users\ctint\Desktop\Scripts\nonsense\supplement_S2\plots\cluster_members_run_231.csv","62808","2026-02-01T00:36:26.5782846Z"
"supplement_S2\plots\cluster_members_run_232.csv","C:\Users\ctint\Desktop\Scripts\nonsense\supplement_S2\plots\cluster_members_run_232.csv","62808","2026-02-01T00:36:26.5782846Z"
"supplement_S2\plots\cluster_members_run_233.csv","C:\Users\ctint\Desktop\Scripts\nonsense\supplement_S2\plots\cluster_members_run_233.csv","62808","2026-02-01T00:36:26.5938709Z"
"supplement_S2\plots\cluster_members_run_234.csv","C:\Users\ctint\Desktop\Scripts\nonsense\supplement_S2\plots\cluster_members_run_234.csv","62808","2026-02-01T00:36:26.5938709Z"
"supplement_S2\plots\cluster_members_run_235.csv","C:\Users\ctint\Desktop\Scripts\nonsense\supplement_S2\plots\cluster_members_run_235.csv","62808","2026-02-01T00:36:26.5938709Z"
"supplement_S2\plots\cluster_members_run_236.csv","C:\Users\ctint\Desktop\Scripts\nonsense\supplement_S2\plots\cluster_members_run_236.csv","62808","2026-02-01T00:36:26.6094935Z"
"supplement_S2\plots\cluster_members_run_237.csv","C:\Users\ctint\Desktop\Scripts\nonsense\supplement_S2\plots\cluster_members_run_237.csv","62808","2026-02-01T00:36:26.6094935Z"
"supplement_S2\plots\cluster_members_run_238.csv","C:\Users\ctint\Desktop\Scripts\nonsense\supplement_S2\plots\cluster_members_run_238.csv","62808","2026-02-01T00:36:26.6251136Z"
"supplement_S2\plots\cluster_members_run_239.csv","C:\Users\ctint\Desktop\Scripts\nonsense\supplement_S2\plots\cluster_members_run_239.csv","62808","2026-02-01T00:36:26.6251136Z"
"supplement_S2\plots\cluster_members_run_240.csv","C:\Users\ctint\Desktop\Scripts\nonsense\supplement_S2\plots\cluster_members_run_240.csv","62808","2026-02-01T00:36:26.6407738Z"
"supplement_S2\plots\cluster_members_run_241.csv","C:\Users\ctint\Desktop\Scripts\nonsense\supplement_S2\plots\cluster_members_run_241.csv","62808","2026-02-01T00:36:26.6407738Z"
"supplement_S2\plots\cluster_members_run_242.csv","C:\Users\ctint\Desktop\Scripts\nonsense\supplement_S2\plots\cluster_members_run_242.csv","62808","2026-02-01T00:36:26.6563960Z"
"supplement_S2\plots\cluster_members_run_243.csv","C:\Users\ctint\Desktop\Scripts\nonsense\supplement_S2\plots\cluster_members_run_243.csv","62808","2026-02-01T00:36:26.6563960Z"
"supplement_S2\plots\cluster_members_run_244.csv","C:\Users\ctint\Desktop\Scripts\nonsense\supplement_S2\plots\cluster_members_run_244.csv","62808","2026-02-01T00:36:26.6563960Z"
"supplement_S2\plots\cluster_members_run_245.csv","C:\Users\ctint\Desktop\Scripts\nonsense\supplement_S2\plots\cluster_members_run_245.csv","62808","2026-02-01T00:36:26.6720124Z"
"supplement_S2\plots\cluster_members_run_246.csv","C:\Users\ctint\Desktop\Scripts\nonsense\supplement_S2\plots\cluster_members_run_246.csv","62808","2026-02-01T00:36:26.6720124Z"
"supplement_S2\plots\cluster_members_run_247.csv","C:\Users\ctint\Desktop\Scripts\nonsense\supplement_S2\plots\cluster_members_run_247.csv","62808","2026-02-01T00:36:26.6876349Z"
"supplement_S2\plots\cluster_members_run_248.csv","C:\Users\ctint\Desktop\Scripts\nonsense\supplement_S2\plots\cluster_members_run_248.csv","62808","2026-02-01T00:36:26.6876349Z"
"supplement_S2\plots\cluster_members_run_249.csv","C:\Users\ctint\Desktop\Scripts\nonsense\supplement_S2\plots\cluster_members_run_249.csv","62808","2026-02-01T00:36:26.6876349Z"
"supplement_S2\plots\cluster_members_run_250.csv","C:\Users\ctint\Desktop\Scripts\nonsense\supplement_S2\plots\cluster_members_run_250.csv","62808","2026-02-01T00:36:26.7032282Z"
"supplement_S2\plots\cluster_members_run_251.csv","C:\Users\ctint\Desktop\Scripts\nonsense\supplement_S2\plots\cluster_members_run_251.csv","62808","2026-02-01T00:36:26.7032282Z"
"supplement_S2\plots\cluster_members_run_252.csv","C:\Users\ctint\Desktop\Scripts\nonsense\supplement_S2\plots\cluster_members_run_252.csv","62808","2026-02-01T00:36:26.7188769Z"
"supplement_S2\plots\cluster_members_run_253.csv","C:\Users\ctint\Desktop\Scripts\nonsense\supplement_S2\plots\cluster_members_run_253.csv","62808","2026-02-01T00:36:26.7188769Z"
"supplement_S2\plots\cluster_members_run_254.csv","C:\Users\ctint\Desktop\Scripts\nonsense\supplement_S2\plots\cluster_members_run_254.csv","62808","2026-02-01T00:36:26.7344981Z"
"supplement_S2\plots\cluster_members_run_255.csv","C:\Users\ctint\Desktop\Scripts\nonsense\supplement_S2\plots\cluster_members_run_255.csv","62808","2026-02-01T00:36:26.7344981Z"
"supplement_S2\plots\cluster_members_run_256.csv","C:\Users\ctint\Desktop\Scripts\nonsense\supplement_S2\plots\cluster_members_run_256.csv","62808","2026-02-01T00:36:26.7344981Z"
"supplement_S2\plots\cluster_members_run_257.csv","C:\Users\ctint\Desktop\Scripts\nonsense\supplement_S2\plots\cluster_members_run_257.csv","62808","2026-02-01T00:36:26.7501199Z"
"supplement_S2\plots\cluster_members_run_258.csv","C:\Users\ctint\Desktop\Scripts\nonsense\supplement_S2\plots\cluster_members_run_258.csv","62808","2026-02-01T00:36:26.7501199Z"
"supplement_S2\plots\cluster_members_run_259.csv","C:\Users\ctint\Desktop\Scripts\nonsense\supplement_S2\plots\cluster_members_run_259.csv","62808","2026-02-01T00:36:26.7657406Z"
"supplement_S2\plots\cluster_members_run_260.csv","C:\Users\ctint\Desktop\Scripts\nonsense\supplement_S2\plots\cluster_members_run_260.csv","62808","2026-02-01T00:36:26.7657406Z"
"supplement_S2\plots\cluster_members_run_261.csv","C:\Users\ctint\Desktop\Scripts\nonsense\supplement_S2\plots\cluster_members_run_261.csv","62808","2026-02-01T00:36:26.7657406Z"
"supplement_S2\plots\cluster_members_run_262.csv","C:\Users\ctint\Desktop\Scripts\nonsense\supplement_S2\plots\cluster_members_run_262.csv","62808","2026-02-01T00:36:26.7813627Z"
"supplement_S2\plots\cluster_members_run_263.csv","C:\Users\ctint\Desktop\Scripts\nonsense\supplement_S2\plots\cluster_members_run_263.csv","62808","2026-02-01T00:36:26.7813627Z"
"supplement_S2\plots\cluster_members_run_264.csv","C:\Users\ctint\Desktop\Scripts\nonsense\supplement_S2\plots\cluster_members_run_264.csv","62808","2026-02-01T00:36:26.7813627Z"
"supplement_S2\plots\cluster_members_run_265.csv","C:\Users\ctint\Desktop\Scripts\nonsense\supplement_S2\plots\cluster_members_run_265.csv","62808","2026-02-01T00:36:26.7969822Z"
"supplement_S2\plots\cluster_members_run_266.csv","C:\Users\ctint\Desktop\Scripts\nonsense\supplement_S2\plots\cluster_members_run_266.csv","62808","2026-02-01T00:36:26.7969822Z"
"supplement_S2\plots\cluster_members_run_267.csv","C:\Users\ctint\Desktop\Scripts\nonsense\supplement_S2\plots\cluster_members_run_267.csv","62808","2026-02-01T00:36:26.8125714Z"
"supplement_S2\plots\cluster_members_run_268.csv","C:\Users\ctint\Desktop\Scripts\nonsense\supplement_S2\plots\cluster_members_run_268.csv","62808","2026-02-01T00:36:26.8125714Z"
"supplement_S2\plots\cluster_members_run_269.csv","C:\Users\ctint\Desktop\Scripts\nonsense\supplement_S2\plots\cluster_members_run_269.csv","62808","2026-02-01T00:36:26.8125714Z"
"supplement_S2\plots\cluster_members_run_270.csv","C:\Users\ctint\Desktop\Scripts\nonsense\supplement_S2\plots\cluster_members_run_270.csv","62808","2026-02-01T00:36:26.8281935Z"
"supplement_S2\plots\cluster_members_run_271.csv","C:\Users\ctint\Desktop\Scripts\nonsense\supplement_S2\plots\cluster_members_run_271.csv","62808","2026-02-01T00:36:26.8281935Z"
"supplement_S2\plots\cluster_members_run_272.csv","C:\Users\ctint\Desktop\Scripts\nonsense\supplement_S2\plots\cluster_members_run_272.csv","62808","2026-02-01T00:36:26.8438115Z"
"supplement_S2\plots\cluster_members_run_273.csv","C:\Users\ctint\Desktop\Scripts\nonsense\supplement_S2\plots\cluster_members_run_273.csv","62808","2026-02-01T00:36:26.8438115Z"
"supplement_S2\plots\cluster_members_run_274.csv","C:\Users\ctint\Desktop\Scripts\nonsense\supplement_S2\plots\cluster_members_run_274.csv","62808","2026-02-01T00:36:26.8438115Z"
"supplement_S2\plots\cluster_members_run_275.csv","C:\Users\ctint\Desktop\Scripts\nonsense\supplement_S2\plots\cluster_members_run_275.csv","62808","2026-02-01T00:36:26.8594349Z"
"supplement_S2\plots\cluster_members_run_276.csv","C:\Users\ctint\Desktop\Scripts\nonsense\supplement_S2\plots\cluster_members_run_276.csv","62808","2026-02-01T00:36:26.8594349Z"
"supplement_S2\plots\cluster_members_run_277.csv","C:\Users\ctint\Desktop\Scripts\nonsense\supplement_S2\plots\cluster_members_run_277.csv","62808","2026-02-01T00:36:26.8594349Z"
"supplement_S2\plots\cluster_members_run_278.csv","C:\Users\ctint\Desktop\Scripts\nonsense\supplement_S2\plots\cluster_members_run_278.csv","62808","2026-02-01T00:36:26.8750555Z"
"supplement_S2\plots\cluster_members_run_279.csv","C:\Users\ctint\Desktop\Scripts\nonsense\supplement_S2\plots\cluster_members_run_279.csv","62808","2026-02-01T00:36:26.8750555Z"
"supplement_S2\plots\cluster_members_run_280.csv","C:\Users\ctint\Desktop\Scripts\nonsense\supplement_S2\plots\cluster_members_run_280.csv","62808","2026-02-01T00:36:26.8906772Z"
"supplement_S2\plots\cluster_members_run_281.csv","C:\Users\ctint\Desktop\Scripts\nonsense\supplement_S2\plots\cluster_members_run_281.csv","62808","2026-02-01T00:36:26.8906772Z"
"supplement_S2\plots\cluster_members_run_282.csv","C:\Users\ctint\Desktop\Scripts\nonsense\supplement_S2\plots\cluster_members_run_282.csv","62808","2026-02-01T00:36:26.8906772Z"
"supplement_S2\plots\cluster_members_run_283.csv","C:\Users\ctint\Desktop\Scripts\nonsense\supplement_S2\plots\cluster_members_run_283.csv","62808","2026-02-01T00:36:26.9062987Z"
"supplement_S2\plots\cluster_members_run_284.csv","C:\Users\ctint\Desktop\Scripts\nonsense\supplement_S2\plots\cluster_members_run_284.csv","62808","2026-02-01T00:36:26.9062987Z"
"supplement_S2\plots\cluster_members_run_285.csv","C:\Users\ctint\Desktop\Scripts\nonsense\supplement_S2\plots\cluster_members_run_285.csv","62808","2026-02-01T00:36:26.9062987Z"
"supplement_S2\plots\cluster_members_run_286.csv","C:\Users\ctint\Desktop\Scripts\nonsense\supplement_S2\plots\cluster_members_run_286.csv","62808","2026-02-01T00:36:26.9219442Z"
"supplement_S2\plots\cluster_members_run_287.csv","C:\Users\ctint\Desktop\Scripts\nonsense\supplement_S2\plots\cluster_members_run_287.csv","62808","2026-02-01T00:36:26.9219442Z"
"supplement_S2\plots\cluster_members_run_288.csv","C:\Users\ctint\Desktop\Scripts\nonsense\supplement_S2\plots\cluster_members_run_288.csv","62808","2026-02-01T00:36:26.9219442Z"
"supplement_S2\plots\cluster_members_run_289.csv","C:\Users\ctint\Desktop\Scripts\nonsense\supplement_S2\plots\cluster_members_run_289.csv","62808","2026-02-01T00:36:26.9375401Z"
"supplement_S2\plots\cluster_members_run_290.csv","C:\Users\ctint\Desktop\Scripts\nonsense\supplement_S2\plots\cluster_members_run_290.csv","62808","2026-02-01T00:36:26.9375401Z"
"supplement_S2\plots\cluster_members_run_291.csv","C:\Users\ctint\Desktop\Scripts\nonsense\supplement_S2\plots\cluster_members_run_291.csv","62808","2026-02-01T00:36:26.9531969Z"
"supplement_S2\plots\cluster_members_run_292.csv","C:\Users\ctint\Desktop\Scripts\nonsense\supplement_S2\plots\cluster_members_run_292.csv","62808","2026-02-01T00:36:26.9531969Z"
"supplement_S2\plots\cluster_members_run_293.csv","C:\Users\ctint\Desktop\Scripts\nonsense\supplement_S2\plots\cluster_members_run_293.csv","62808","2026-02-01T00:36:26.9531969Z"
"supplement_S2\plots\cluster_members_run_294.csv","C:\Users\ctint\Desktop\Scripts\nonsense\supplement_S2\plots\cluster_members_run_294.csv","62808","2026-02-01T00:36:26.9687823Z"
"supplement_S2\plots\cluster_members_run_295.csv","C:\Users\ctint\Desktop\Scripts\nonsense\supplement_S2\plots\cluster_members_run_295.csv","62808","2026-02-01T00:36:26.9687823Z"
"supplement_S2\plots\cluster_members_run_296.csv","C:\Users\ctint\Desktop\Scripts\nonsense\supplement_S2\plots\cluster_members_run_296.csv","62808","2026-02-01T00:36:26.9687823Z"
"supplement_S2\plots\cluster_members_run_297.csv","C:\Users\ctint\Desktop\Scripts\nonsense\supplement_S2\plots\cluster_members_run_297.csv","62808","2026-02-01T00:36:26.9844053Z"
"supplement_S2\plots\cluster_members_run_298.csv","C:\Users\ctint\Desktop\Scripts\nonsense\supplement_S2\plots\cluster_members_run_298.csv","62808","2026-02-01T00:36:26.9844053Z"
"supplement_S2\plots\cluster_members_run_299.csv","C:\Users\ctint\Desktop\Scripts\nonsense\supplement_S2\plots\cluster_members_run_299.csv","62808","2026-02-01T00:36:27.0000263Z"
"supplement_S2\plots\cluster_members_run_300.csv","C:\Users\ctint\Desktop\Scripts\nonsense\supplement_S2\plots\cluster_members_run_300.csv","62808","2026-02-01T00:36:27.0000263Z"
"supplement_S2\plots\cluster_members_run_301.csv","C:\Users\ctint\Desktop\Scripts\nonsense\supplement_S2\plots\cluster_members_run_301.csv","62808","2026-02-01T00:36:27.0000263Z"
"supplement_S2\plots\cluster_members_run_302.csv","C:\Users\ctint\Desktop\Scripts\nonsense\supplement_S2\plots\cluster_members_run_302.csv","62808","2026-02-01T00:36:27.0156822Z"
"supplement_S2\plots\cluster_members_run_303.csv","C:\Users\ctint\Desktop\Scripts\nonsense\supplement_S2\plots\cluster_members_run_303.csv","62808","2026-02-01T00:36:27.0156822Z"
"supplement_S2\plots\cluster_members_run_304.csv","C:\Users\ctint\Desktop\Scripts\nonsense\supplement_S2\plots\cluster_members_run_304.csv","62808","2026-02-01T00:36:27.0156822Z"
"supplement_S2\plots\cluster_members_run_305.csv","C:\Users\ctint\Desktop\Scripts\nonsense\supplement_S2\plots\cluster_members_run_305.csv","62808","2026-02-01T00:36:27.0312676Z"
"supplement_S2\plots\cluster_members_run_306.csv","C:\Users\ctint\Desktop\Scripts\nonsense\supplement_S2\plots\cluster_members_run_306.csv","62808","2026-02-01T00:36:27.0312676Z"
"supplement_S2\plots\cluster_members_run_307.csv","C:\Users\ctint\Desktop\Scripts\nonsense\supplement_S2\plots\cluster_members_run_307.csv","62808","2026-02-01T00:36:27.0312676Z"
"supplement_S2\plots\cluster_members_run_308.csv","C:\Users\ctint\Desktop\Scripts\nonsense\supplement_S2\plots\cluster_members_run_308.csv","62808","2026-02-01T00:36:27.0468887Z"
"supplement_S2\plots\cluster_members_run_309.csv","C:\Users\ctint\Desktop\Scripts\nonsense\supplement_S2\plots\cluster_members_run_309.csv","62808","2026-02-01T00:36:27.0468887Z"
"supplement_S2\plots\cluster_members_run_310.csv","C:\Users\ctint\Desktop\Scripts\nonsense\supplement_S2\plots\cluster_members_run_310.csv","62808","2026-02-01T00:36:27.0625502Z"
"supplement_S2\plots\cluster_members_run_311.csv","C:\Users\ctint\Desktop\Scripts\nonsense\supplement_S2\plots\cluster_members_run_311.csv","62808","2026-02-01T00:36:27.0625502Z"
"supplement_S2\plots\cluster_members_run_312.csv","C:\Users\ctint\Desktop\Scripts\nonsense\supplement_S2\plots\cluster_members_run_312.csv","62808","2026-02-01T00:36:27.0625502Z"
"supplement_S2\plots\cluster_members_run_313.csv","C:\Users\ctint\Desktop\Scripts\nonsense\supplement_S2\plots\cluster_members_run_313.csv","62808","2026-02-01T00:36:27.0781325Z"
"supplement_S2\plots\cluster_members_run_314.csv","C:\Users\ctint\Desktop\Scripts\nonsense\supplement_S2\plots\cluster_members_run_314.csv","62808","2026-02-01T00:36:27.0781325Z"
"supplement_S2\plots\cluster_members_run_315.csv","C:\Users\ctint\Desktop\Scripts\nonsense\supplement_S2\plots\cluster_members_run_315.csv","62808","2026-02-01T00:36:27.0937547Z"
"supplement_S2\plots\cluster_members_run_316.csv","C:\Users\ctint\Desktop\Scripts\nonsense\supplement_S2\plots\cluster_members_run_316.csv","62808","2026-02-01T00:36:27.0937547Z"
"supplement_S2\plots\cluster_members_run_317.csv","C:\Users\ctint\Desktop\Scripts\nonsense\supplement_S2\plots\cluster_members_run_317.csv","62808","2026-02-01T00:36:27.0937547Z"
"supplement_S2\plots\cluster_members_run_318.csv","C:\Users\ctint\Desktop\Scripts\nonsense\supplement_S2\plots\cluster_members_run_318.csv","62808","2026-02-01T00:36:27.1093744Z"
"supplement_S2\plots\cluster_members_run_319.csv","C:\Users\ctint\Desktop\Scripts\nonsense\supplement_S2\plots\cluster_members_run_319.csv","62808","2026-02-01T00:36:27.1093744Z"
"supplement_S2\plots\cluster_members_run_320.csv","C:\Users\ctint\Desktop\Scripts\nonsense\supplement_S2\plots\cluster_members_run_320.csv","62808","2026-02-01T00:36:27.1093744Z"
"supplement_S2\plots\cluster_members_run_321.csv","C:\Users\ctint\Desktop\Scripts\nonsense\supplement_S2\plots\cluster_members_run_321.csv","62808","2026-02-01T00:36:27.1250361Z"
"supplement_S2\plots\cluster_members_run_322.csv","C:\Users\ctint\Desktop\Scripts\nonsense\supplement_S2\plots\cluster_members_run_322.csv","62808","2026-02-01T00:36:27.1250361Z"
"supplement_S2\plots\cluster_members_run_323.csv","C:\Users\ctint\Desktop\Scripts\nonsense\supplement_S2\plots\cluster_members_run_323.csv","62808","2026-02-01T00:36:27.1250361Z"
"supplement_S2\plots\cluster_members_run_324.csv","C:\Users\ctint\Desktop\Scripts\nonsense\supplement_S2\plots\cluster_members_run_324.csv","62808","2026-02-01T00:36:27.1406193Z"
"supplement_S2\plots\cluster_members_run_325.csv","C:\Users\ctint\Desktop\Scripts\nonsense\supplement_S2\plots\cluster_members_run_325.csv","62808","2026-02-01T00:36:27.1406193Z"
"supplement_S2\plots\cluster_members_run_326.csv","C:\Users\ctint\Desktop\Scripts\nonsense\supplement_S2\plots\cluster_members_run_326.csv","62808","2026-02-01T00:36:27.1562393Z"
"supplement_S2\plots\cluster_members_run_327.csv","C:\Users\ctint\Desktop\Scripts\nonsense\supplement_S2\plots\cluster_members_run_327.csv","62808","2026-02-01T00:36:27.1562393Z"
"supplement_S2\plots\cluster_members_run_328.csv","C:\Users\ctint\Desktop\Scripts\nonsense\supplement_S2\plots\cluster_members_run_328.csv","62808","2026-02-01T00:36:27.1562393Z"
"supplement_S2\plots\cluster_members_run_329.csv","C:\Users\ctint\Desktop\Scripts\nonsense\supplement_S2\plots\cluster_members_run_329.csv","62808","2026-02-01T00:36:27.1718609Z"
"supplement_S2\plots\cluster_members_run_330.csv","C:\Users\ctint\Desktop\Scripts\nonsense\supplement_S2\plots\cluster_members_run_330.csv","62808","2026-02-01T00:36:27.1718609Z"
"supplement_S2\plots\cluster_members_run_331.csv","C:\Users\ctint\Desktop\Scripts\nonsense\supplement_S2\plots\cluster_members_run_331.csv","62808","2026-02-01T00:36:27.1718609Z"
"supplement_S2\plots\cluster_members_run_332.csv","C:\Users\ctint\Desktop\Scripts\nonsense\supplement_S2\plots\cluster_members_run_332.csv","62808","2026-02-01T00:36:27.1874827Z"
"supplement_S2\plots\cluster_members_run_333.csv","C:\Users\ctint\Desktop\Scripts\nonsense\supplement_S2\plots\cluster_members_run_333.csv","62808","2026-02-01T00:36:27.1874827Z"
"supplement_S2\plots\cluster_members_run_334.csv","C:\Users\ctint\Desktop\Scripts\nonsense\supplement_S2\plots\cluster_members_run_334.csv","62808","2026-02-01T00:36:27.1874827Z"
"supplement_S2\plots\cluster_members_run_335.csv","C:\Users\ctint\Desktop\Scripts\nonsense\supplement_S2\plots\cluster_members_run_335.csv","62808","2026-02-01T00:36:27.2031023Z"
"supplement_S2\plots\cluster_members_run_336.csv","C:\Users\ctint\Desktop\Scripts\nonsense\supplement_S2\plots\cluster_members_run_336.csv","62808","2026-02-01T00:36:27.2031023Z"
"supplement_S2\plots\cluster_members_run_337.csv","C:\Users\ctint\Desktop\Scripts\nonsense\supplement_S2\plots\cluster_members_run_337.csv","62808","2026-02-01T00:36:27.2187237Z"
"supplement_S2\plots\cluster_members_run_338.csv","C:\Users\ctint\Desktop\Scripts\nonsense\supplement_S2\plots\cluster_members_run_338.csv","62808","2026-02-01T00:36:27.2187237Z"
"supplement_S2\plots\cluster_members_run_339.csv","C:\Users\ctint\Desktop\Scripts\nonsense\supplement_S2\plots\cluster_members_run_339.csv","62808","2026-02-01T00:36:27.2187237Z"
"supplement_S2\plots\cluster_members_run_340.csv","C:\Users\ctint\Desktop\Scripts\nonsense\supplement_S2\plots\cluster_members_run_340.csv","62808","2026-02-01T00:36:27.2343464Z"
"supplement_S2\plots\cluster_members_run_341.csv","C:\Users\ctint\Desktop\Scripts\nonsense\supplement_S2\plots\cluster_members_run_341.csv","62808","2026-02-01T00:36:27.2343464Z"
"supplement_S2\plots\cluster_members_run_342.csv","C:\Users\ctint\Desktop\Scripts\nonsense\supplement_S2\plots\cluster_members_run_342.csv","62808","2026-02-01T00:36:27.2343464Z"
"supplement_S2\plots\cluster_members_run_343.csv","C:\Users\ctint\Desktop\Scripts\nonsense\supplement_S2\plots\cluster_members_run_343.csv","62808","2026-02-01T00:36:27.2500063Z"
"supplement_S2\plots\cluster_members_run_344.csv","C:\Users\ctint\Desktop\Scripts\nonsense\supplement_S2\plots\cluster_members_run_344.csv","62808","2026-02-01T00:36:27.2500063Z"
"supplement_S2\plots\cluster_members_run_345.csv","C:\Users\ctint\Desktop\Scripts\nonsense\supplement_S2\plots\cluster_members_run_345.csv","62808","2026-02-01T00:36:27.2656250Z"
"supplement_S2\plots\cluster_members_run_346.csv","C:\Users\ctint\Desktop\Scripts\nonsense\supplement_S2\plots\cluster_members_run_346.csv","62808","2026-02-01T00:36:27.2656250Z"
"supplement_S2\plots\cluster_members_run_347.csv","C:\Users\ctint\Desktop\Scripts\nonsense\supplement_S2\plots\cluster_members_run_347.csv","62808","2026-02-01T00:36:27.2656250Z"
"supplement_S2\plots\cluster_members_run_348.csv","C:\Users\ctint\Desktop\Scripts\nonsense\supplement_S2\plots\cluster_members_run_348.csv","62808","2026-02-01T00:36:27.2812089Z"
"supplement_S2\plots\cluster_members_run_349.csv","C:\Users\ctint\Desktop\Scripts\nonsense\supplement_S2\plots\cluster_members_run_349.csv","62808","2026-02-01T00:36:27.2812089Z"
"supplement_S2\plots\cluster_members_run_350.csv","C:\Users\ctint\Desktop\Scripts\nonsense\supplement_S2\plots\cluster_members_run_350.csv","62808","2026-02-01T00:36:27.2968635Z"
"supplement_S2\plots\cluster_members_run_351.csv","C:\Users\ctint\Desktop\Scripts\nonsense\supplement_S2\plots\cluster_members_run_351.csv","62808","2026-02-01T00:36:27.2968635Z"
"supplement_S2\plots\cluster_members_run_352.csv","C:\Users\ctint\Desktop\Scripts\nonsense\supplement_S2\plots\cluster_members_run_352.csv","62808","2026-02-01T00:36:27.2968635Z"
"supplement_S2\plots\cluster_members_run_353.csv","C:\Users\ctint\Desktop\Scripts\nonsense\supplement_S2\plots\cluster_members_run_353.csv","62808","2026-02-01T00:36:27.3124914Z"
"supplement_S2\plots\cluster_members_run_354.csv","C:\Users\ctint\Desktop\Scripts\nonsense\supplement_S2\plots\cluster_members_run_354.csv","62808","2026-02-01T00:36:27.3124914Z"
"supplement_S2\plots\cluster_members_run_355.csv","C:\Users\ctint\Desktop\Scripts\nonsense\supplement_S2\plots\cluster_members_run_355.csv","62808","2026-02-01T00:36:27.3281089Z"
"supplement_S2\plots\cluster_members_run_356.csv","C:\Users\ctint\Desktop\Scripts\nonsense\supplement_S2\plots\cluster_members_run_356.csv","62808","2026-02-01T00:36:27.3281089Z"
"supplement_S2\plots\cluster_members_run_357.csv","C:\Users\ctint\Desktop\Scripts\nonsense\supplement_S2\plots\cluster_members_run_357.csv","62808","2026-02-01T00:36:27.3436943Z"
"supplement_S2\plots\cluster_members_run_358.csv","C:\Users\ctint\Desktop\Scripts\nonsense\supplement_S2\plots\cluster_members_run_358.csv","62808","2026-02-01T00:36:27.3436943Z"
"supplement_S2\plots\cluster_members_run_359.csv","C:\Users\ctint\Desktop\Scripts\nonsense\supplement_S2\plots\cluster_members_run_359.csv","62808","2026-02-01T00:36:27.3436943Z"
"supplement_S2\plots\cluster_members_run_360.csv","C:\Users\ctint\Desktop\Scripts\nonsense\supplement_S2\plots\cluster_members_run_360.csv","62808","2026-02-01T00:36:27.3593169Z"
"supplement_S2\plots\cluster_members_run_361.csv","C:\Users\ctint\Desktop\Scripts\nonsense\supplement_S2\plots\cluster_members_run_361.csv","62808","2026-02-01T00:36:27.3593169Z"
"supplement_S2\plots\cluster_members_run_362.csv","C:\Users\ctint\Desktop\Scripts\nonsense\supplement_S2\plots\cluster_members_run_362.csv","62808","2026-02-01T00:36:27.3593169Z"
"supplement_S2\plots\cluster_members_run_363.csv","C:\Users\ctint\Desktop\Scripts\nonsense\supplement_S2\plots\cluster_members_run_363.csv","62808","2026-02-01T00:36:27.3749392Z"
"supplement_S2\plots\cluster_members_run_364.csv","C:\Users\ctint\Desktop\Scripts\nonsense\supplement_S2\plots\cluster_members_run_364.csv","62808","2026-02-01T00:36:27.3749392Z"
"supplement_S2\plots\cluster_members_run_365.csv","C:\Users\ctint\Desktop\Scripts\nonsense\supplement_S2\plots\cluster_members_run_365.csv","62808","2026-02-01T00:36:27.3749392Z"
"supplement_S2\plots\cluster_members_run_366.csv","C:\Users\ctint\Desktop\Scripts\nonsense\supplement_S2\plots\cluster_members_run_366.csv","62808","2026-02-01T00:36:27.3905837Z"
"supplement_S2\plots\cluster_members_run_367.csv","C:\Users\ctint\Desktop\Scripts\nonsense\supplement_S2\plots\cluster_members_run_367.csv","62808","2026-02-01T00:36:27.3905837Z"
"supplement_S2\plots\cluster_members_run_368.csv","C:\Users\ctint\Desktop\Scripts\nonsense\supplement_S2\plots\cluster_members_run_368.csv","62808","2026-02-01T00:36:27.4061796Z"
"supplement_S2\plots\cluster_members_run_369.csv","C:\Users\ctint\Desktop\Scripts\nonsense\supplement_S2\plots\cluster_members_run_369.csv","62808","2026-02-01T00:36:27.4061796Z"
"supplement_S2\plots\cluster_members_run_370.csv","C:\Users\ctint\Desktop\Scripts\nonsense\supplement_S2\plots\cluster_members_run_370.csv","62808","2026-02-01T00:36:27.4061796Z"
"supplement_S2\plots\cluster_members_run_371.csv","C:\Users\ctint\Desktop\Scripts\nonsense\supplement_S2\plots\cluster_members_run_371.csv","62808","2026-02-01T00:36:27.4218344Z"
"supplement_S2\plots\cluster_members_run_372.csv","C:\Users\ctint\Desktop\Scripts\nonsense\supplement_S2\plots\cluster_members_run_372.csv","62808","2026-02-01T00:36:27.4218344Z"
"supplement_S2\plots\cluster_members_run_373.csv","C:\Users\ctint\Desktop\Scripts\nonsense\supplement_S2\plots\cluster_members_run_373.csv","62808","2026-02-01T00:36:27.4218344Z"
"supplement_S2\plots\cluster_members_run_374.csv","C:\Users\ctint\Desktop\Scripts\nonsense\supplement_S2\plots\cluster_members_run_374.csv","62808","2026-02-01T00:36:27.4374578Z"
"supplement_S2\plots\cluster_members_run_375.csv","C:\Users\ctint\Desktop\Scripts\nonsense\supplement_S2\plots\cluster_members_run_375.csv","62808","2026-02-01T00:36:27.4374578Z"
"supplement_S2\plots\cluster_members_run_376.csv","C:\Users\ctint\Desktop\Scripts\nonsense\supplement_S2\plots\cluster_members_run_376.csv","62808","2026-02-01T00:36:27.4530434Z"
"supplement_S2\plots\cluster_members_run_377.csv","C:\Users\ctint\Desktop\Scripts\nonsense\supplement_S2\plots\cluster_members_run_377.csv","62808","2026-02-01T00:36:27.4530434Z"
"supplement_S2\plots\cluster_members_run_378.csv","C:\Users\ctint\Desktop\Scripts\nonsense\supplement_S2\plots\cluster_members_run_378.csv","62808","2026-02-01T00:36:27.4530434Z"
"supplement_S2\plots\cluster_members_run_379.csv","C:\Users\ctint\Desktop\Scripts\nonsense\supplement_S2\plots\cluster_members_run_379.csv","62808","2026-02-01T00:36:27.4686659Z"
"supplement_S2\plots\cluster_members_run_380.csv","C:\Users\ctint\Desktop\Scripts\nonsense\supplement_S2\plots\cluster_members_run_380.csv","62808","2026-02-01T00:36:27.4686659Z"
"supplement_S2\plots\cluster_members_run_381.csv","C:\Users\ctint\Desktop\Scripts\nonsense\supplement_S2\plots\cluster_members_run_381.csv","62808","2026-02-01T00:36:27.4686659Z"
"supplement_S2\plots\cluster_members_run_382.csv","C:\Users\ctint\Desktop\Scripts\nonsense\supplement_S2\plots\cluster_members_run_382.csv","62808","2026-02-01T00:36:27.4842863Z"
"supplement_S2\plots\cluster_members_run_383.csv","C:\Users\ctint\Desktop\Scripts\nonsense\supplement_S2\plots\cluster_members_run_383.csv","62808","2026-02-01T00:36:27.4842863Z"
"supplement_S2\plots\cluster_members_run_384.csv","C:\Users\ctint\Desktop\Scripts\nonsense\supplement_S2\plots\cluster_members_run_384.csv","62808","2026-02-01T00:36:27.4999430Z"
"supplement_S2\plots\cluster_members_run_385.csv","C:\Users\ctint\Desktop\Scripts\nonsense\supplement_S2\plots\cluster_members_run_385.csv","62808","2026-02-01T00:36:27.4999430Z"
"supplement_S2\plots\cluster_members_run_386.csv","C:\Users\ctint\Desktop\Scripts\nonsense\supplement_S2\plots\cluster_members_run_386.csv","62808","2026-02-01T00:36:27.4999430Z"
"supplement_S2\plots\cluster_members_run_387.csv","C:\Users\ctint\Desktop\Scripts\nonsense\supplement_S2\plots\cluster_members_run_387.csv","62808","2026-02-01T00:36:27.5155658Z"
"supplement_S2\plots\cluster_members_run_388.csv","C:\Users\ctint\Desktop\Scripts\nonsense\supplement_S2\plots\cluster_members_run_388.csv","62808","2026-02-01T00:36:27.5155658Z"
"supplement_S2\plots\cluster_members_run_389.csv","C:\Users\ctint\Desktop\Scripts\nonsense\supplement_S2\plots\cluster_members_run_389.csv","62808","2026-02-01T00:36:27.5155658Z"
"supplement_S2\plots\cluster_members_run_390.csv","C:\Users\ctint\Desktop\Scripts\nonsense\supplement_S2\plots\cluster_members_run_390.csv","62808","2026-02-01T00:36:27.5311877Z"
"supplement_S2\plots\cluster_members_run_391.csv","C:\Users\ctint\Desktop\Scripts\nonsense\supplement_S2\plots\cluster_members_run_391.csv","62808","2026-02-01T00:36:27.5311877Z"
"supplement_S2\plots\cluster_members_run_392.csv","C:\Users\ctint\Desktop\Scripts\nonsense\supplement_S2\plots\cluster_members_run_392.csv","62808","2026-02-01T00:36:27.5311877Z"
"supplement_S2\plots\cluster_members_run_393.csv","C:\Users\ctint\Desktop\Scripts\nonsense\supplement_S2\plots\cluster_members_run_393.csv","62808","2026-02-01T00:36:27.5468120Z"
"supplement_S2\plots\cluster_members_run_394.csv","C:\Users\ctint\Desktop\Scripts\nonsense\supplement_S2\plots\cluster_members_run_394.csv","62808","2026-02-01T00:36:27.5468120Z"
"supplement_S2\plots\cluster_members_run_395.csv","C:\Users\ctint\Desktop\Scripts\nonsense\supplement_S2\plots\cluster_members_run_395.csv","62808","2026-02-01T00:36:27.5468120Z"
"supplement_S2\plots\cluster_members_run_396.csv","C:\Users\ctint\Desktop\Scripts\nonsense\supplement_S2\plots\cluster_members_run_396.csv","62808","2026-02-01T00:36:27.5624324Z"
"supplement_S2\plots\cluster_members_run_397.csv","C:\Users\ctint\Desktop\Scripts\nonsense\supplement_S2\plots\cluster_members_run_397.csv","62808","2026-02-01T00:36:27.5624324Z"
"supplement_S2\plots\cluster_members_run_398.csv","C:\Users\ctint\Desktop\Scripts\nonsense\supplement_S2\plots\cluster_members_run_398.csv","62808","2026-02-01T00:36:27.5624324Z"
"supplement_S2\plots\cluster_members_run_399.csv","C:\Users\ctint\Desktop\Scripts\nonsense\supplement_S2\plots\cluster_members_run_399.csv","62808","2026-02-01T00:36:27.5780524Z"
"supplement_S2\plots\cluster_members_run_400.csv","C:\Users\ctint\Desktop\Scripts\nonsense\supplement_S2\plots\cluster_members_run_400.csv","62808","2026-02-01T00:36:27.5780524Z"
"supplement_S2\plots\cluster_members_run_401.csv","C:\Users\ctint\Desktop\Scripts\nonsense\supplement_S2\plots\cluster_members_run_401.csv","62808","2026-02-01T00:36:27.5936344Z"
"supplement_S2\plots\cluster_members_run_402.csv","C:\Users\ctint\Desktop\Scripts\nonsense\supplement_S2\plots\cluster_members_run_402.csv","62808","2026-02-01T00:36:27.5936344Z"
"supplement_S2\plots\cluster_members_run_403.csv","C:\Users\ctint\Desktop\Scripts\nonsense\supplement_S2\plots\cluster_members_run_403.csv","62808","2026-02-01T00:36:27.5936344Z"
"supplement_S2\plots\cluster_members_run_404.csv","C:\Users\ctint\Desktop\Scripts\nonsense\supplement_S2\plots\cluster_members_run_404.csv","62808","2026-02-01T00:36:27.6092571Z"
"supplement_S2\plots\cluster_members_run_405.csv","C:\Users\ctint\Desktop\Scripts\nonsense\supplement_S2\plots\cluster_members_run_405.csv","62808","2026-02-01T00:36:27.6092571Z"
"supplement_S2\plots\cluster_members_run_406.csv","C:\Users\ctint\Desktop\Scripts\nonsense\supplement_S2\plots\cluster_members_run_406.csv","62808","2026-02-01T00:36:27.6092571Z"
"supplement_S2\plots\cluster_members_run_407.csv","C:\Users\ctint\Desktop\Scripts\nonsense\supplement_S2\plots\cluster_members_run_407.csv","62808","2026-02-01T00:36:27.6248781Z"
"supplement_S2\plots\cluster_members_run_408.csv","C:\Users\ctint\Desktop\Scripts\nonsense\supplement_S2\plots\cluster_members_run_408.csv","62808","2026-02-01T00:36:27.6248781Z"
"supplement_S2\plots\cluster_members_run_409.csv","C:\Users\ctint\Desktop\Scripts\nonsense\supplement_S2\plots\cluster_members_run_409.csv","62808","2026-02-01T00:36:27.6405353Z"
"supplement_S2\plots\cluster_members_run_410.csv","C:\Users\ctint\Desktop\Scripts\nonsense\supplement_S2\plots\cluster_members_run_410.csv","62808","2026-02-01T00:36:27.6405353Z"
"supplement_S2\plots\cluster_members_run_411.csv","C:\Users\ctint\Desktop\Scripts\nonsense\supplement_S2\plots\cluster_members_run_411.csv","62808","2026-02-01T00:36:27.6405353Z"
"supplement_S2\plots\cluster_members_run_412.csv","C:\Users\ctint\Desktop\Scripts\nonsense\supplement_S2\plots\cluster_members_run_412.csv","62808","2026-02-01T00:36:27.6561622Z"
"supplement_S2\plots\cluster_members_run_413.csv","C:\Users\ctint\Desktop\Scripts\nonsense\supplement_S2\plots\cluster_members_run_413.csv","62808","2026-02-01T00:36:27.6561622Z"
"supplement_S2\plots\cluster_members_run_414.csv","C:\Users\ctint\Desktop\Scripts\nonsense\supplement_S2\plots\cluster_members_run_414.csv","62808","2026-02-01T00:36:27.6561622Z"
"supplement_S2\plots\cluster_members_run_415.csv","C:\Users\ctint\Desktop\Scripts\nonsense\supplement_S2\plots\cluster_members_run_415.csv","62808","2026-02-01T00:36:27.6717410Z"
"supplement_S2\plots\cluster_members_run_416.csv","C:\Users\ctint\Desktop\Scripts\nonsense\supplement_S2\plots\cluster_members_run_416.csv","62808","2026-02-01T00:36:27.6717410Z"
"supplement_S2\plots\cluster_members_run_417.csv","C:\Users\ctint\Desktop\Scripts\nonsense\supplement_S2\plots\cluster_members_run_417.csv","62808","2026-02-01T00:36:27.6873640Z"
"supplement_S2\plots\cluster_members_run_418.csv","C:\Users\ctint\Desktop\Scripts\nonsense\supplement_S2\plots\cluster_members_run_418.csv","62808","2026-02-01T00:36:27.6873640Z"
"supplement_S2\plots\cluster_members_run_419.csv","C:\Users\ctint\Desktop\Scripts\nonsense\supplement_S2\plots\cluster_members_run_419.csv","62808","2026-02-01T00:36:27.6873640Z"
"supplement_S2\plots\cluster_members_run_420.csv","C:\Users\ctint\Desktop\Scripts\nonsense\supplement_S2\plots\cluster_members_run_420.csv","62808","2026-02-01T00:36:27.7030207Z"
"supplement_S2\plots\cluster_members_run_421.csv","C:\Users\ctint\Desktop\Scripts\nonsense\supplement_S2\plots\cluster_members_run_421.csv","62808","2026-02-01T00:36:27.7030207Z"
"supplement_S2\plots\cluster_members_run_422.csv","C:\Users\ctint\Desktop\Scripts\nonsense\supplement_S2\plots\cluster_members_run_422.csv","62808","2026-02-01T00:36:27.7186426Z"
"supplement_S2\plots\cluster_members_run_423.csv","C:\Users\ctint\Desktop\Scripts\nonsense\supplement_S2\plots\cluster_members_run_423.csv","62808","2026-02-01T00:36:27.7186426Z"
"supplement_S2\plots\cluster_members_run_424.csv","C:\Users\ctint\Desktop\Scripts\nonsense\supplement_S2\plots\cluster_members_run_424.csv","62808","2026-02-01T00:36:27.7186426Z"
"supplement_S2\plots\cluster_members_run_425.csv","C:\Users\ctint\Desktop\Scripts\nonsense\supplement_S2\plots\cluster_members_run_425.csv","62808","2026-02-01T00:36:27.7342641Z"
"supplement_S2\plots\cluster_members_run_426.csv","C:\Users\ctint\Desktop\Scripts\nonsense\supplement_S2\plots\cluster_members_run_426.csv","62808","2026-02-01T00:36:27.7342641Z"
"supplement_S2\plots\cluster_members_run_427.csv","C:\Users\ctint\Desktop\Scripts\nonsense\supplement_S2\plots\cluster_members_run_427.csv","62808","2026-02-01T00:36:27.7342641Z"
"supplement_S2\plots\cluster_members_run_428.csv","C:\Users\ctint\Desktop\Scripts\nonsense\supplement_S2\plots\cluster_members_run_428.csv","62808","2026-02-01T00:36:27.7498735Z"
"supplement_S2\plots\cluster_members_run_429.csv","C:\Users\ctint\Desktop\Scripts\nonsense\supplement_S2\plots\cluster_members_run_429.csv","62808","2026-02-01T00:36:27.7498735Z"
"supplement_S2\plots\cluster_members_run_430.csv","C:\Users\ctint\Desktop\Scripts\nonsense\supplement_S2\plots\cluster_members_run_430.csv","62808","2026-02-01T00:36:27.7655045Z"
"supplement_S2\plots\cluster_members_run_431.csv","C:\Users\ctint\Desktop\Scripts\nonsense\supplement_S2\plots\cluster_members_run_431.csv","62808","2026-02-01T00:36:27.7655045Z"
"supplement_S2\plots\cluster_members_run_432.csv","C:\Users\ctint\Desktop\Scripts\nonsense\supplement_S2\plots\cluster_members_run_432.csv","62808","2026-02-01T00:36:27.7655045Z"
"supplement_S2\plots\cluster_members_run_433.csv","C:\Users\ctint\Desktop\Scripts\nonsense\supplement_S2\plots\cluster_members_run_433.csv","62808","2026-02-01T00:36:27.7811285Z"
"supplement_S2\plots\cluster_members_run_434.csv","C:\Users\ctint\Desktop\Scripts\nonsense\supplement_S2\plots\cluster_members_run_434.csv","62808","2026-02-01T00:36:27.7811285Z"
"supplement_S2\plots\cluster_members_run_435.csv","C:\Users\ctint\Desktop\Scripts\nonsense\supplement_S2\plots\cluster_members_run_435.csv","62808","2026-02-01T00:36:27.7811285Z"
"supplement_S2\plots\cluster_members_run_436.csv","C:\Users\ctint\Desktop\Scripts\nonsense\supplement_S2\plots\cluster_members_run_436.csv","62808","2026-02-01T00:36:27.7967116Z"
"supplement_S2\plots\cluster_members_run_437.csv","C:\Users\ctint\Desktop\Scripts\nonsense\supplement_S2\plots\cluster_members_run_437.csv","62808","2026-02-01T00:36:27.7967116Z"
"supplement_S2\plots\cluster_members_run_438.csv","C:\Users\ctint\Desktop\Scripts\nonsense\supplement_S2\plots\cluster_members_run_438.csv","62808","2026-02-01T00:36:27.8123739Z"
"supplement_S2\plots\cluster_members_run_439.csv","C:\Users\ctint\Desktop\Scripts\nonsense\supplement_S2\plots\cluster_members_run_439.csv","62808","2026-02-01T00:36:27.8123739Z"
"supplement_S2\plots\cluster_members_run_440.csv","C:\Users\ctint\Desktop\Scripts\nonsense\supplement_S2\plots\cluster_members_run_440.csv","62808","2026-02-01T00:36:27.8279559Z"
"supplement_S2\plots\cluster_members_run_441.csv","C:\Users\ctint\Desktop\Scripts\nonsense\supplement_S2\plots\cluster_members_run_441.csv","62808","2026-02-01T00:36:27.8279559Z"
"supplement_S2\plots\cluster_members_run_442.csv","C:\Users\ctint\Desktop\Scripts\nonsense\supplement_S2\plots\cluster_members_run_442.csv","62808","2026-02-01T00:36:27.8279559Z"
"supplement_S2\plots\cluster_members_run_443.csv","C:\Users\ctint\Desktop\Scripts\nonsense\supplement_S2\plots\cluster_members_run_443.csv","62808","2026-02-01T00:36:27.8435780Z"
"supplement_S2\plots\cluster_members_run_444.csv","C:\Users\ctint\Desktop\Scripts\nonsense\supplement_S2\plots\cluster_members_run_444.csv","62808","2026-02-01T00:36:27.8435780Z"
"supplement_S2\plots\cluster_members_run_445.csv","C:\Users\ctint\Desktop\Scripts\nonsense\supplement_S2\plots\cluster_members_run_445.csv","62808","2026-02-01T00:36:27.8591971Z"
"supplement_S2\plots\cluster_members_run_446.csv","C:\Users\ctint\Desktop\Scripts\nonsense\supplement_S2\plots\cluster_members_run_446.csv","62808","2026-02-01T00:36:27.8591971Z"
"supplement_S2\plots\cluster_members_run_447.csv","C:\Users\ctint\Desktop\Scripts\nonsense\supplement_S2\plots\cluster_members_run_447.csv","62808","2026-02-01T00:36:27.8591971Z"
"supplement_S2\plots\cluster_members_run_448.csv","C:\Users\ctint\Desktop\Scripts\nonsense\supplement_S2\plots\cluster_members_run_448.csv","62808","2026-02-01T00:36:27.8748216Z"
"supplement_S2\plots\cluster_members_run_449.csv","C:\Users\ctint\Desktop\Scripts\nonsense\supplement_S2\plots\cluster_members_run_449.csv","62808","2026-02-01T00:36:27.8748216Z"
"supplement_S2\plots\cluster_members_run_450.csv","C:\Users\ctint\Desktop\Scripts\nonsense\supplement_S2\plots\cluster_members_run_450.csv","62808","2026-02-01T00:36:27.8748216Z"
"supplement_S2\plots\cluster_members_run_451.csv","C:\Users\ctint\Desktop\Scripts\nonsense\supplement_S2\plots\cluster_members_run_451.csv","62808","2026-02-01T00:36:27.8904411Z"
"supplement_S2\plots\cluster_members_run_452.csv","C:\Users\ctint\Desktop\Scripts\nonsense\supplement_S2\plots\cluster_members_run_452.csv","62808","2026-02-01T00:36:27.8904411Z"
"supplement_S2\plots\cluster_members_run_453.csv","C:\Users\ctint\Desktop\Scripts\nonsense\supplement_S2\plots\cluster_members_run_453.csv","62808","2026-02-01T00:36:27.9060633Z"
"supplement_S2\plots\cluster_members_run_454.csv","C:\Users\ctint\Desktop\Scripts\nonsense\supplement_S2\plots\cluster_members_run_454.csv","62808","2026-02-01T00:36:27.9060633Z"
"supplement_S2\plots\cluster_members_run_455.csv","C:\Users\ctint\Desktop\Scripts\nonsense\supplement_S2\plots\cluster_members_run_455.csv","62808","2026-02-01T00:36:27.9060633Z"
"supplement_S2\plots\cluster_members_run_456.csv","C:\Users\ctint\Desktop\Scripts\nonsense\supplement_S2\plots\cluster_members_run_456.csv","62808","2026-02-01T00:36:27.9216830Z"
"supplement_S2\plots\cluster_members_run_457.csv","C:\Users\ctint\Desktop\Scripts\nonsense\supplement_S2\plots\cluster_members_run_457.csv","62808","2026-02-01T00:36:27.9216830Z"
"supplement_S2\plots\cluster_members_run_458.csv","C:\Users\ctint\Desktop\Scripts\nonsense\supplement_S2\plots\cluster_members_run_458.csv","62808","2026-02-01T00:36:27.9216830Z"
"supplement_S2\plots\cluster_members_run_459.csv","C:\Users\ctint\Desktop\Scripts\nonsense\supplement_S2\plots\cluster_members_run_459.csv","62808","2026-02-01T00:36:27.9373037Z"
"supplement_S2\plots\cluster_members_run_460.csv","C:\Users\ctint\Desktop\Scripts\nonsense\supplement_S2\plots\cluster_members_run_460.csv","62808","2026-02-01T00:36:27.9373037Z"
"supplement_S2\plots\cluster_members_run_461.csv","C:\Users\ctint\Desktop\Scripts\nonsense\supplement_S2\plots\cluster_members_run_461.csv","62808","2026-02-01T00:36:27.9529615Z"
"supplement_S2\plots\cluster_members_run_462.csv","C:\Users\ctint\Desktop\Scripts\nonsense\supplement_S2\plots\cluster_members_run_462.csv","62808","2026-02-01T00:36:27.9529615Z"
"supplement_S2\plots\cluster_members_run_463.csv","C:\Users\ctint\Desktop\Scripts\nonsense\supplement_S2\plots\cluster_members_run_463.csv","62808","2026-02-01T00:36:27.9529615Z"
"supplement_S2\plots\cluster_members_run_464.csv","C:\Users\ctint\Desktop\Scripts\nonsense\supplement_S2\plots\cluster_members_run_464.csv","62808","2026-02-01T00:36:27.9685836Z"
"supplement_S2\plots\cluster_members_run_465.csv","C:\Users\ctint\Desktop\Scripts\nonsense\supplement_S2\plots\cluster_members_run_465.csv","62808","2026-02-01T00:36:27.9685836Z"
"supplement_S2\plots\cluster_members_run_466.csv","C:\Users\ctint\Desktop\Scripts\nonsense\supplement_S2\plots\cluster_members_run_466.csv","62808","2026-02-01T00:36:27.9841698Z"
"supplement_S2\plots\cluster_members_run_467.csv","C:\Users\ctint\Desktop\Scripts\nonsense\supplement_S2\plots\cluster_members_run_467.csv","62808","2026-02-01T00:36:27.9841698Z"
"supplement_S2\plots\cluster_members_run_468.csv","C:\Users\ctint\Desktop\Scripts\nonsense\supplement_S2\plots\cluster_members_run_468.csv","62808","2026-02-01T00:36:27.9841698Z"
"supplement_S2\plots\cluster_members_run_469.csv","C:\Users\ctint\Desktop\Scripts\nonsense\supplement_S2\plots\cluster_members_run_469.csv","62808","2026-02-01T00:36:27.9998253Z"
"supplement_S2\plots\cluster_members_run_470.csv","C:\Users\ctint\Desktop\Scripts\nonsense\supplement_S2\plots\cluster_members_run_470.csv","62808","2026-02-01T00:36:27.9998253Z"
"supplement_S2\plots\cluster_members_run_471.csv","C:\Users\ctint\Desktop\Scripts\nonsense\supplement_S2\plots\cluster_members_run_471.csv","62808","2026-02-01T00:36:27.9998253Z"
"supplement_S2\plots\cluster_members_run_472.csv","C:\Users\ctint\Desktop\Scripts\nonsense\supplement_S2\plots\cluster_members_run_472.csv","62808","2026-02-01T00:36:28.0154103Z"
"supplement_S2\plots\cluster_members_run_473.csv","C:\Users\ctint\Desktop\Scripts\nonsense\supplement_S2\plots\cluster_members_run_473.csv","62808","2026-02-01T00:36:28.0154103Z"
"supplement_S2\plots\cluster_members_run_474.csv","C:\Users\ctint\Desktop\Scripts\nonsense\supplement_S2\plots\cluster_members_run_474.csv","62808","2026-02-01T00:36:28.0310696Z"
"supplement_S2\plots\cluster_members_run_475.csv","C:\Users\ctint\Desktop\Scripts\nonsense\supplement_S2\plots\cluster_members_run_475.csv","62808","2026-02-01T00:36:28.0310696Z"
"supplement_S2\plots\cluster_members_run_476.csv","C:\Users\ctint\Desktop\Scripts\nonsense\supplement_S2\plots\cluster_members_run_476.csv","62808","2026-02-01T00:36:28.0310696Z"
"supplement_S2\plots\cluster_members_run_477.csv","C:\Users\ctint\Desktop\Scripts\nonsense\supplement_S2\plots\cluster_members_run_477.csv","62808","2026-02-01T00:36:28.0466805Z"
"supplement_S2\plots\cluster_members_run_478.csv","C:\Users\ctint\Desktop\Scripts\nonsense\supplement_S2\plots\cluster_members_run_478.csv","62808","2026-02-01T00:36:28.0466805Z"
"supplement_S2\plots\cluster_members_run_479.csv","C:\Users\ctint\Desktop\Scripts\nonsense\supplement_S2\plots\cluster_members_run_479.csv","62808","2026-02-01T00:36:28.0466805Z"
"supplement_S2\plots\cluster_members_run_480.csv","C:\Users\ctint\Desktop\Scripts\nonsense\supplement_S2\plots\cluster_members_run_480.csv","62808","2026-02-01T00:36:28.0622765Z"
"supplement_S2\plots\cluster_members_run_481.csv","C:\Users\ctint\Desktop\Scripts\nonsense\supplement_S2\plots\cluster_members_run_481.csv","62808","2026-02-01T00:36:28.0622765Z"
"supplement_S2\plots\cluster_members_run_482.csv","C:\Users\ctint\Desktop\Scripts\nonsense\supplement_S2\plots\cluster_members_run_482.csv","62808","2026-02-01T00:36:28.0759611Z"
"supplement_S2\plots\cluster_members_run_483.csv","C:\Users\ctint\Desktop\Scripts\nonsense\supplement_S2\plots\cluster_members_run_483.csv","62808","2026-02-01T00:36:28.0759611Z"
"supplement_S2\plots\cluster_members_run_484.csv","C:\Users\ctint\Desktop\Scripts\nonsense\supplement_S2\plots\cluster_members_run_484.csv","62808","2026-02-01T00:36:28.0759611Z"
"supplement_S2\plots\cluster_members_run_485.csv","C:\Users\ctint\Desktop\Scripts\nonsense\supplement_S2\plots\cluster_members_run_485.csv","62808","2026-02-01T00:36:28.0916228Z"
"supplement_S2\plots\cluster_members_run_486.csv","C:\Users\ctint\Desktop\Scripts\nonsense\supplement_S2\plots\cluster_members_run_486.csv","62808","2026-02-01T00:36:28.0916228Z"
"supplement_S2\plots\cluster_members_run_487.csv","C:\Users\ctint\Desktop\Scripts\nonsense\supplement_S2\plots\cluster_members_run_487.csv","62808","2026-02-01T00:36:28.1072433Z"
"supplement_S2\plots\cluster_members_run_488.csv","C:\Users\ctint\Desktop\Scripts\nonsense\supplement_S2\plots\cluster_members_run_488.csv","62808","2026-02-01T00:36:28.1072433Z"
"supplement_S2\plots\cluster_members_run_489.csv","C:\Users\ctint\Desktop\Scripts\nonsense\supplement_S2\plots\cluster_members_run_489.csv","62808","2026-02-01T00:36:28.1072433Z"
"supplement_S2\plots\cluster_members_run_490.csv","C:\Users\ctint\Desktop\Scripts\nonsense\supplement_S2\plots\cluster_members_run_490.csv","62808","2026-02-01T00:36:28.1228271Z"
"supplement_S2\plots\cluster_members_run_491.csv","C:\Users\ctint\Desktop\Scripts\nonsense\supplement_S2\plots\cluster_members_run_491.csv","62808","2026-02-01T00:36:28.1228271Z"
"supplement_S2\plots\cluster_members_run_492.csv","C:\Users\ctint\Desktop\Scripts\nonsense\supplement_S2\plots\cluster_members_run_492.csv","62808","2026-02-01T00:36:28.1384482Z"
"supplement_S2\plots\cluster_members_run_493.csv","C:\Users\ctint\Desktop\Scripts\nonsense\supplement_S2\plots\cluster_members_run_493.csv","62808","2026-02-01T00:36:28.1384482Z"
"supplement_S2\plots\cluster_members_run_494.csv","C:\Users\ctint\Desktop\Scripts\nonsense\supplement_S2\plots\cluster_members_run_494.csv","62808","2026-02-01T00:36:28.1384482Z"
"supplement_S2\plots\cluster_members_run_495.csv","C:\Users\ctint\Desktop\Scripts\nonsense\supplement_S2\plots\cluster_members_run_495.csv","62808","2026-02-01T00:36:28.1541054Z"
"supplement_S2\plots\cluster_members_run_496.csv","C:\Users\ctint\Desktop\Scripts\nonsense\supplement_S2\plots\cluster_members_run_496.csv","62808","2026-02-01T00:36:28.1541054Z"
"supplement_S2\plots\cluster_members_run_497.csv","C:\Users\ctint\Desktop\Scripts\nonsense\supplement_S2\plots\cluster_members_run_497.csv","62808","2026-02-01T00:36:28.1541054Z"
"supplement_S2\plots\cluster_members_run_498.csv","C:\Users\ctint\Desktop\Scripts\nonsense\supplement_S2\plots\cluster_members_run_498.csv","62808","2026-02-01T00:36:28.1697292Z"
"supplement_S2\plots\cluster_members_run_499.csv","C:\Users\ctint\Desktop\Scripts\nonsense\supplement_S2\plots\cluster_members_run_499.csv","62808","2026-02-01T00:36:28.1697292Z"
"supplement_S2\plots\motif_stability_per_permutation.csv","C:\Users\ctint\Desktop\Scripts\nonsense\supplement_S2\plots\motif_stability_per_permutation.csv","67138","2026-01-25T21:09:22.0000000Z"
"supplement_S2\plots\motif_stability_summary.csv","C:\Users\ctint\Desktop\Scripts\nonsense\supplement_S2\plots\motif_stability_summary.csv","164","2026-01-27T03:59:34.5779920Z"
"supplement_S2\plots\motif_stability_summary_parseA.csv","C:\Users\ctint\Desktop\Scripts\nonsense\supplement_S2\plots\motif_stability_summary_parseA.csv","441","2026-01-26T05:27:01.1959209Z"
"supplement_S2\plots\motif_stability_summary_parseB.csv","C:\Users\ctint\Desktop\Scripts\nonsense\supplement_S2\plots\motif_stability_summary_parseB.csv","441","2026-01-26T04:59:32.5881790Z"
"supplement_S2\plots\motif_stability_test.py","C:\Users\ctint\Desktop\Scripts\nonsense\supplement_S2\plots\motif_stability_test.py","6463","2026-01-25T21:02:54.0000000Z"
"supplement_S2\plots\README_meta.txt","C:\Users\ctint\Desktop\Scripts\nonsense\supplement_S2\plots\README_meta.txt","373","2026-01-29T19:51:52.0084524Z"
"supplement_S2\plots\run_metrics.csv","C:\Users\ctint\Desktop\Scripts\nonsense\supplement_S2\plots\run_metrics.csv","185","2026-02-01T00:14:11.0969727Z"
"supplement_S2\plots\kw_runs_test_run_20260131_161406\cluster_members_run_000.csv","C:\Users\ctint\Desktop\Scripts\nonsense\supplement_S2\plots\kw_runs_test_run_20260131_161406\cluster_members_run_000.csv","62808","2026-02-01T00:14:11.0899913Z"
"supplement_S2\plots\kw_runs_test_run_20260131_161406\cluster_members_run_001.csv","C:\Users\ctint\Desktop\Scripts\nonsense\supplement_S2\plots\kw_runs_test_run_20260131_161406\cluster_members_run_001.csv","62808","2026-02-01T00:14:11.0959752Z"
"supplement_S2\plots\kw_runs_test_run_20260131_161406\README_meta.txt","C:\Users\ctint\Desktop\Scripts\nonsense\supplement_S2\plots\kw_runs_test_run_20260131_161406\README_meta.txt","232","2026-02-01T00:14:06.6157889Z"
"supplement_S2\plots\kw_runs_test_run_20260131_161406\run_metrics.csv","C:\Users\ctint\Desktop\Scripts\nonsense\supplement_S2\plots\kw_runs_test_run_20260131_161406\run_metrics.csv","185","2026-02-01T00:14:11.0969727Z"
